series_id,year,period,value
CIU2010000000000A,2024,Q04,3.6
CIU2010000000000A,2024,Q03,3.6
CIU2010000000000A,2024,Q02,3.9
CIU2010000000000A,2024,Q01,4.1
CIU2010000000000A,2023,Q04,4.1
CIU2010000000000A,2023,Q03,4.3
CIU2010000000000A,2023,Q02,4.5
CIU2010000000000A,2023,Q01,4.8
CIU2010000000000A,2022,Q04,5.1
CIU2010000000000A,2022,Q03,5.2
CIU2010000000000A,2022,Q02,5.5
CIU2010000000000A,2022,Q01,4.8
CIU2010000000000A,2021,Q04,4.4
CIU2010000000000A,2021,Q03,4.1
CIU2010000000000A,2021,Q02,3.1
CIU2010000000000A,2021,Q01,2.8
CIU2010000000000A,2020,Q04,2.6
CIU2010000000000A,2020,Q03,2.4
CIU2010000000000A,2020,Q02,2.7
CIU2010000000000A,2020,Q01,2.8
CIU2010000000000A,2019,Q04,2.7
CIU2010000000000A,2019,Q03,2.7
CIU2010000000000A,2019,Q02,2.6
CIU2010000000000A,2019,Q01,2.8
CIU2010000000000A,2018,Q04,3.0
CIU2010000000000A,2018,Q03,2.9
CIU2010000000000A,2018,Q02,2.9
CIU2010000000000A,2018,Q01,2.8
CIU2010000000000A,2017,Q04,2.6
CIU2010000000000A,2017,Q03,2.5
CIU2010000000000A,2017,Q02,2.4
CIU2010000000000A,2017,Q01,2.3
CIU2010000000000A,2016,Q04,2.2
CIU2010000000000A,2016,Q03,2.3
CIU2010000000000A,2016,Q02,2.4
CIU2010000000000A,2016,Q01,1.8
CIU2010000000000A,2015,Q04,1.9
CIU2010000000000A,2015,Q03,1.9
CIU2010000000000A,2015,Q02,1.9
CIU2010000000000A,2015,Q01,2.8
CIU2010000000000A,2014,Q04,2.3
CIU2010000000000A,2014,Q03,2.3
CIU2010000000000A,2014,Q02,2.0
CIU2010000000000A,2014,Q01,1.7
CIU2010000000000A,2013,Q04,2.0
CIU2010000000000A,2013,Q03,1.9
CIU2010000000000A,2013,Q02,1.9
CIU2010000000000A,2013,Q01,1.9
CIU2010000000000A,2012,Q04,1.8
CIU2010000000000A,2012,Q03,1.9
CIU2010000000000A,2012,Q02,1.8
CIU2010000000000A,2012,Q01,2.1
CIU2010000000000A,2011,Q04,2.2
CIU2010000000000A,2011,Q03,2.1
CIU2010000000000A,2011,Q02,2.3
CIU2010000000000A,2011,Q01,2.0
CIU2010000000000A,2010,Q04,2.1
CIU2010000000000A,2010,Q03,2.0
CIU2010000000000A,2010,Q02,1.9
CIU2010000000000A,2010,Q01,1.6
CIU2010000000000I,2024,Q04,167.4
CIU2010000000000I,2024,Q03,166.4
CIU2010000000000I,2024,Q02,165.4
CIU2010000000000I,2024,Q01,163.8
CIU2010000000000I,2023,Q04,161.6
CIU2010000000000I,2023,Q03,160.6
CIU2010000000000I,2023,Q02,159.2
CIU2010000000000I,2023,Q01,157.4
CIU2010000000000I,2022,Q04,155.3
CIU2010000000000I,2022,Q03,154.0
CIU2010000000000I,2022,Q02,152.4
CIU2010000000000I,2022,Q01,150.2
CIU2010000000000I,2021,Q04,147.8
CIU2010000000000I,2021,Q03,146.4
CIU2010000000000I,2021,Q02,144.4
CIU2010000000000I,2021,Q01,143.3
CIU2010000000000I,2020,Q04,141.6
CIU2010000000000I,2020,Q03,140.7
CIU2010000000000I,2020,Q02,140.1
CIU2010000000000I,2020,Q01,139.4
CIU2010000000000I,2019,Q04,138.0
CIU2010000000000I,2019,Q03,137.4
CIU2010000000000I,2019,Q02,136.4
CIU2010000000000I,2019,Q01,135.6
CIU2010000000000I,2018,Q04,134.4
CIU2010000000000I,2018,Q03,133.8
CIU2010000000000I,2018,Q02,132.9
CIU2010000000000I,2018,Q01,131.9
CIU2010000000000I,2017,Q04,130.5
CIU2010000000000I,2017,Q03,130.0
CIU2010000000000I,2017,Q02,129.2
CIU2010000000000I,2017,Q01,128.3
CIU2010000000000I,2016,Q04,127.2
CIU2010000000000I,2016,Q03,126.8
CIU2010000000000I,2016,Q02,126.2
CIU2010000000000I,2016,Q01,125.4
CIU2010000000000I,2015,Q04,124.5
CIU2010000000000I,2015,Q03,124.0
CIU2010000000000I,2015,Q02,123.3
CIU2010000000000I,2015,Q01,123.2
CIU2010000000000I,2014,Q04,122.2
CIU2010000000000I,2014,Q03,121.7
CIU2010000000000I,2014,Q02,121.0
CIU2010000000000I,2014,Q01,119.9
CIU2010000000000I,2013,Q04,119.4
CIU2010000000000I,2013,Q03,119.0
CIU2010000000000I,2013,Q02,118.6
CIU2010000000000I,2013,Q01,117.9
CIU2010000000000I,2012,Q04,117.1
CIU2010000000000I,2012,Q03,116.8
CIU2010000000000I,2012,Q02,116.4
CIU2010000000000I,2012,Q01,115.7
CIU2010000000000I,2011,Q04,115.0
CIU2010000000000I,2011,Q03,114.6
CIU2010000000000I,2011,Q02,114.3
CIU2010000000000I,2011,Q01,113.3
CIU2010000000000I,2010,Q04,112.5
CIU2010000000000I,2010,Q03,112.2
CIU2010000000000I,2010,Q02,111.7
CIU2010000000000I,2010,Q01,111.1
CIU2010000000000Q,2024,Q04,0.6
CIU2010000000000Q,2024,Q03,0.6
CIU2010000000000Q,2024,Q02,1.0
CIU2010000000000Q,2024,Q01,1.4
CIU2010000000000Q,2023,Q04,0.6
CIU2010000000000Q,2023,Q03,0.9
CIU2010000000000Q,2023,Q02,1.1
CIU2010000000000Q,2023,Q01,1.4
CIU2010000000000Q,2022,Q04,0.8
CIU2010000000000Q,2022,Q03,1.0
CIU2010000000000Q,2022,Q02,1.5
CIU2010000000000Q,2022,Q01,1.6
CIU2010000000000Q,2021,Q04,1.0
CIU2010000000000Q,2021,Q03,1.4
CIU2010000000000Q,2021,Q02,0.8
CIU2010000000000Q,2021,Q01,1.2
CIU2010000000000Q,2020,Q04,0.6
CIU2010000000000Q,2020,Q03,0.4
CIU2010000000000Q,2020,Q02,0.5
CIU2010000000000Q,2020,Q01,1.0
CIU2010000000000Q,2019,Q04,0.4
CIU2010000000000Q,2019,Q03,0.7
CIU2010000000000Q,2019,Q02,0.6
CIU2010000000000Q,2019,Q01,0.9
CIU2010000000000Q,2018,Q04,0.4
CIU2010000000000Q,2018,Q03,0.7
CIU2010000000000Q,2018,Q02,0.8
CIU2010000000000Q,2018,Q01,1.1
CIU2010000000000Q,2017,Q04,0.4
CIU2010000000000Q,2017,Q03,0.6
CIU2010000000000Q,2017,Q02,0.7
CIU2010000000000Q,2017,Q01,0.9
CIU2010000000000Q,2016,Q04,0.3
CIU2010000000000Q,2016,Q03,0.5
CIU2010000000000Q,2016,Q02,0.6
CIU2010000000000Q,2016,Q01,0.7
CIU2010000000000Q,2015,Q04,0.4
CIU2010000000000Q,2015,Q03,0.6
CIU2010000000000Q,2015,Q02,0.1
CIU2010000000000Q,2015,Q01,0.8
CIU2010000000000Q,2014,Q04,0.4
CIU2010000000000Q,2014,Q03,0.6
CIU2010000000000Q,2014,Q02,0.9
CIU2010000000000Q,2014,Q01,0.4
CIU2010000000000Q,2013,Q04,0.3
CIU2010000000000Q,2013,Q03,0.3
CIU2010000000000Q,2013,Q02,0.6
CIU2010000000000Q,2013,Q01,0.7
CIU2010000000000Q,2012,Q04,0.3
CIU2010000000000Q,2012,Q03,0.3
CIU2010000000000Q,2012,Q02,0.6
CIU2010000000000Q,2012,Q01,0.6
CIU2010000000000Q,2011,Q04,0.3
CIU2010000000000Q,2011,Q03,0.3
CIU2010000000000Q,2011,Q02,0.9
CIU2010000000000Q,2011,Q01,0.7
CIU2010000000000Q,2010,Q04,0.3
CIU2010000000000Q,2010,Q03,0.4
CIU2010000000000Q,2010,Q02,0.5
CIU2010000000000Q,2010,Q01,0.8
CIU2010000100000A,2024,Q04,3.4
CIU2010000100000A,2024,Q03,3.3
CIU2010000100000A,2024,Q02,3.7
CIU2010000100000A,2024,Q01,3.9
CIU2010000100000A,2023,Q04,4.0
CIU2010000100000A,2023,Q03,4.4
CIU2010000100000A,2023,Q02,4.2
CIU2010000100000A,2023,Q01,4.3
CIU2010000100000A,2022,Q04,4.4
CIU2010000100000A,2022,Q03,4.3
CIU2010000100000A,2022,Q02,4.8
CIU2010000100000A,2022,Q01,4.2
CIU2010000100000A,2021,Q04,3.5
CIU2010000100000A,2021,Q03,3.2
CIU2010000100000A,2021,Q02,2.4
CIU2010000100000A,2021,Q01,2.0
CIU2010000100000A,2020,Q04,2.0
CIU2010000100000A,2020,Q03,1.9
CIU2010000100000A,2020,Q02,2.1
CIU2010000100000A,2020,Q01,2.4
CIU2010000100000A,2019,Q04,2.2
CIU2010000100000A,2019,Q03,2.3
CIU2010000100000A,2019,Q02,2.3
CIU2010000100000A,2019,Q01,2.3
CIU2010000100000A,2018,Q04,2.5
CIU2010000100000A,2018,Q03,2.5
CIU2010000100000A,2018,Q02,2.4
CIU2010000100000A,2018,Q01,2.6
CIU2010000100000A,2017,Q04,2.4
CIU2010000100000A,2017,Q03,2.3
CIU2010000100000A,2017,Q02,2.4
CIU2010000100000A,2017,Q01,2.0
CIU2010000100000A,2016,Q04,1.7
CIU2010000100000A,2016,Q03,1.8
CIU2010000100000A,2016,Q02,1.9
CIU2010000100000A,2016,Q01,1.8
CIU2010000100000A,2015,Q04,1.9
CIU2010000100000A,2015,Q03,1.8
CIU2010000100000A,2015,Q02,1.8
CIU2010000100000A,2015,Q01,2.6
CIU2010000100000A,2014,Q04,2.3
CIU2010000100000A,2014,Q03,2.3
CIU2010000100000A,2014,Q02,2.2
CIU2010000100000A,2014,Q01,1.9
CIU2010000100000A,2013,Q04,2.1
CIU2010000100000A,2013,Q03,2.1
CIU2010000100000A,2013,Q02,2.0
CIU2010000100000A,2013,Q01,1.8
CIU2010000100000A,2012,Q04,2.0
CIU2010000100000A,2012,Q03,2.0
CIU2010000100000A,2012,Q02,2.0
CIU2010000100000A,2012,Q01,2.0
CIU2010000100000A,2011,Q04,2.1
CIU2010000100000A,2011,Q03,2.1
CIU2010000100000A,2011,Q02,2.3
CIU2010000100000A,2011,Q01,2.1
CIU2010000100000A,2010,Q04,2.1
CIU2010000100000A,2010,Q03,1.9
CIU2010000100000A,2010,Q02,1.5
CIU2010000100000A,2010,Q01,1.3
CIU2010000100000I,2024,Q04,162.2
CIU2010000100000I,2024,Q03,161.4
CIU2010000100000I,2024,Q02,160.4
CIU2010000100000I,2024,Q01,158.9
CIU2010000100000I,2023,Q04,156.8
CIU2010000100000I,2023,Q03,156.2
CIU2010000100000I,2023,Q02,154.7
CIU2010000100000I,2023,Q01,152.9
CIU2010000100000I,2022,Q04,150.8
CIU2010000100000I,2022,Q03,149.6
CIU2010000100000I,2022,Q02,148.5
CIU2010000100000I,2022,Q01,146.6
CIU2010000100000I,2021,Q04,144.4
CIU2010000100000I,2021,Q03,143.5
CIU2010000100000I,2021,Q02,141.7
CIU2010000100000I,2021,Q01,140.7
CIU2010000100000I,2020,Q04,139.5
CIU2010000100000I,2020,Q03,139.0
CIU2010000100000I,2020,Q02,138.4
CIU2010000100000I,2020,Q01,138.0
CIU2010000100000I,2019,Q04,136.8
CIU2010000100000I,2019,Q03,136.4
CIU2010000100000I,2019,Q02,135.6
CIU2010000100000I,2019,Q01,134.8
CIU2010000100000I,2018,Q04,133.8
CIU2010000100000I,2018,Q03,133.3
CIU2010000100000I,2018,Q02,132.6
CIU2010000100000I,2018,Q01,131.8
CIU2010000100000I,2017,Q04,130.5
CIU2010000100000I,2017,Q03,130.0
CIU2010000100000I,2017,Q02,129.5
CIU2010000100000I,2017,Q01,128.5
CIU2010000100000I,2016,Q04,127.4
CIU2010000100000I,2016,Q03,127.1
CIU2010000100000I,2016,Q02,126.5
CIU2010000100000I,2016,Q01,126.0
CIU2010000100000I,2015,Q04,125.3
CIU2010000100000I,2015,Q03,124.9
CIU2010000100000I,2015,Q02,124.2
CIU2010000100000I,2015,Q01,123.8
CIU2010000100000I,2014,Q04,123.0
CIU2010000100000I,2014,Q03,122.7
CIU2010000100000I,2014,Q02,122.0
CIU2010000100000I,2014,Q01,120.7
CIU2010000100000I,2013,Q04,120.2
CIU2010000100000I,2013,Q03,119.9
CIU2010000100000I,2013,Q02,119.4
CIU2010000100000I,2013,Q01,118.5
CIU2010000100000I,2012,Q04,117.7
CIU2010000100000I,2012,Q03,117.4
CIU2010000100000I,2012,Q02,117.1
CIU2010000100000I,2012,Q01,116.4
CIU2010000100000I,2011,Q04,115.4
CIU2010000100000I,2011,Q03,115.1
CIU2010000100000I,2011,Q02,114.8
CIU2010000100000I,2011,Q01,114.1
CIU2010000100000I,2010,Q04,113.0
CIU2010000100000I,2010,Q03,112.7
CIU2010000100000I,2010,Q02,112.2
CIU2010000100000I,2010,Q01,111.8
CIU2010000100000Q,2024,Q04,0.5
CIU2010000100000Q,2024,Q03,0.6
CIU2010000100000Q,2024,Q02,0.9
CIU2010000100000Q,2024,Q01,1.3
CIU2010000100000Q,2023,Q04,0.4
CIU2010000100000Q,2023,Q03,1.0
CIU2010000100000Q,2023,Q02,1.2
CIU2010000100000Q,2023,Q01,1.4
CIU2010000100000Q,2022,Q04,0.8
CIU2010000100000Q,2022,Q03,0.7
CIU2010000100000Q,2022,Q02,1.3
CIU2010000100000Q,2022,Q01,1.5
CIU2010000100000Q,2021,Q04,0.6
CIU2010000100000Q,2021,Q03,1.3
CIU2010000100000Q,2021,Q02,0.7
CIU2010000100000Q,2021,Q01,0.9
CIU2010000100000Q,2020,Q04,0.4
CIU2010000100000Q,2020,Q03,0.4
CIU2010000100000Q,2020,Q02,0.3
CIU2010000100000Q,2020,Q01,0.9
CIU2010000100000Q,2019,Q04,0.3
CIU2010000100000Q,2019,Q03,0.6
CIU2010000100000Q,2019,Q02,0.6
CIU2010000100000Q,2019,Q01,0.7
CIU2010000100000Q,2018,Q04,0.4
CIU2010000100000Q,2018,Q03,0.5
CIU2010000100000Q,2018,Q02,0.6
CIU2010000100000Q,2018,Q01,1.0
CIU2010000100000Q,2017,Q04,0.4
CIU2010000100000Q,2017,Q03,0.4
CIU2010000100000Q,2017,Q02,0.8
CIU2010000100000Q,2017,Q01,0.9
CIU2010000100000Q,2016,Q04,0.2
CIU2010000100000Q,2016,Q03,0.5
CIU2010000100000Q,2016,Q02,0.4
CIU2010000100000Q,2016,Q01,0.6
CIU2010000100000Q,2015,Q04,0.3
CIU2010000100000Q,2015,Q03,0.6
CIU2010000100000Q,2015,Q02,0.3
CIU2010000100000Q,2015,Q01,0.7
CIU2010000100000Q,2014,Q04,0.2
CIU2010000100000Q,2014,Q03,0.6
CIU2010000100000Q,2014,Q02,1.1
CIU2010000100000Q,2014,Q01,0.4
CIU2010000100000Q,2013,Q04,0.3
CIU2010000100000Q,2013,Q03,0.4
CIU2010000100000Q,2013,Q02,0.8
CIU2010000100000Q,2013,Q01,0.7
CIU2010000100000Q,2012,Q04,0.3
CIU2010000100000Q,2012,Q03,0.3
CIU2010000100000Q,2012,Q02,0.6
CIU2010000100000Q,2012,Q01,0.9
CIU2010000100000Q,2011,Q04,0.3
CIU2010000100000Q,2011,Q03,0.3
CIU2010000100000Q,2011,Q02,0.6
CIU2010000100000Q,2011,Q01,1.0
CIU2010000100000Q,2010,Q04,0.3
CIU2010000100000Q,2010,Q03,0.4
CIU2010000100000Q,2010,Q02,0.4
CIU2010000100000Q,2010,Q01,1.0
CIU2010000200000A,2024,Q04,3.0
CIU2010000200000A,2024,Q03,3.1
CIU2010000200000A,2024,Q02,3.3
CIU2010000200000A,2024,Q01,4.1
CIU2010000200000A,2023,Q04,3.8
CIU2010000200000A,2023,Q03,4.2
CIU2010000200000A,2023,Q02,4.7
CIU2010000200000A,2023,Q01,5.7
CIU2010000200000A,2022,Q04,6.1
CIU2010000200000A,2022,Q03,6.0
CIU2010000200000A,2022,Q02,6.3
CIU2010000200000A,2022,Q01,4.4
CIU2010000200000A,2021,Q04,4.7
CIU2010000200000A,2021,Q03,4.7
CIU2010000200000A,2021,Q02,3.6
CIU2010000200000A,2021,Q01,3.9
CIU2010000200000A,2020,Q04,3.2
CIU2010000200000A,2020,Q03,2.5
CIU2010000200000A,2020,Q02,3.2
CIU2010000200000A,2020,Q01,3.1
CIU2010000200000A,2019,Q04,2.8
CIU2010000200000A,2019,Q03,3.0
CIU2010000200000A,2019,Q02,2.9
CIU2010000200000A,2019,Q01,3.3
CIU2010000200000A,2018,Q04,3.8
CIU2010000200000A,2018,Q03,3.5
CIU2010000200000A,2018,Q02,3.5
CIU2010000200000A,2018,Q01,3.0
CIU2010000200000A,2017,Q04,2.6
CIU2010000200000A,2017,Q03,2.5
CIU2010000200000A,2017,Q02,1.7
CIU2010000200000A,2017,Q01,2.4
CIU2010000200000A,2016,Q04,2.3
CIU2010000200000A,2016,Q03,2.5
CIU2010000200000A,2016,Q02,3.1
CIU2010000200000A,2016,Q01,1.4
CIU2010000200000A,2015,Q04,1.6
CIU2010000200000A,2015,Q03,2.1
CIU2010000200000A,2015,Q02,1.9
CIU2010000200000A,2015,Q01,3.4
CIU2010000200000A,2014,Q04,2.4
CIU2010000200000A,2014,Q03,2.3
CIU2010000200000A,2014,Q02,2.1
CIU2010000200000A,2014,Q01,1.8
CIU2010000200000A,2013,Q04,2.3
CIU2010000200000A,2013,Q03,1.9
CIU2010000200000A,2013,Q02,1.8
CIU2010000200000A,2013,Q01,1.9
CIU2010000200000A,2012,Q04,1.8
CIU2010000200000A,2012,Q03,2.1
CIU2010000200000A,2012,Q02,2.3
CIU2010000200000A,2012,Q01,2.6
CIU2010000200000A,2011,Q04,2.3
CIU2010000200000A,2011,Q03,2.4
CIU2010000200000A,2011,Q02,2.3
CIU2010000200000A,2011,Q01,2.1
CIU2010000200000A,2010,Q04,2.2
CIU2010000200000A,2010,Q03,2.1
CIU2010000200000A,2010,Q02,2.3
CIU2010000200000A,2010,Q01,1.8
CIU2010000200000I,2024,Q04,170.2
CIU2010000200000I,2024,Q03,169.1
CIU2010000200000I,2024,Q02,168.5
CIU2010000200000I,2024,Q01,167.9
CIU2010000200000I,2023,Q04,165.2
CIU2010000200000I,2023,Q03,164.0
CIU2010000200000I,2023,Q02,163.1
CIU2010000200000I,2023,Q01,161.3
CIU2010000200000I,2022,Q04,159.1
CIU2010000200000I,2022,Q03,157.4
CIU2010000200000I,2022,Q02,155.8
CIU2010000200000I,2022,Q01,152.6
CIU2010000200000I,2021,Q04,149.9
CIU2010000200000I,2021,Q03,148.5
CIU2010000200000I,2021,Q02,146.6
CIU2010000200000I,2021,Q01,146.1
CIU2010000200000I,2020,Q04,143.2
CIU2010000200000I,2020,Q03,141.9
CIU2010000200000I,2020,Q02,141.5
CIU2010000200000I,2020,Q01,140.6
CIU2010000200000I,2019,Q04,138.8
CIU2010000200000I,2019,Q03,138.4
CIU2010000200000I,2019,Q02,137.1
CIU2010000200000I,2019,Q01,136.4
CIU2010000200000I,2018,Q04,135.0
CIU2010000200000I,2018,Q03,134.4
CIU2010000200000I,2018,Q02,133.2
CIU2010000200000I,2018,Q01,132.0
CIU2010000200000I,2017,Q04,130.1
CIU2010000200000I,2017,Q03,129.9
CIU2010000200000I,2017,Q02,128.7
CIU2010000200000I,2017,Q01,128.1
CIU2010000200000I,2016,Q04,126.8
CIU2010000200000I,2016,Q03,126.7
CIU2010000200000I,2016,Q02,126.6
CIU2010000200000I,2016,Q01,125.1
CIU2010000200000I,2015,Q04,123.9
CIU2010000200000I,2015,Q03,123.6
CIU2010000200000I,2015,Q02,122.8
CIU2010000200000I,2015,Q01,123.4
CIU2010000200000I,2014,Q04,121.9
CIU2010000200000I,2014,Q03,121.1
CIU2010000200000I,2014,Q02,120.5
CIU2010000200000I,2014,Q01,119.3
CIU2010000200000I,2013,Q04,119.0
CIU2010000200000I,2013,Q03,118.4
CIU2010000200000I,2013,Q02,118.0
CIU2010000200000I,2013,Q01,117.2
CIU2010000200000I,2012,Q04,116.3
CIU2010000200000I,2012,Q03,116.2
CIU2010000200000I,2012,Q02,115.9
CIU2010000200000I,2012,Q01,115.0
CIU2010000200000I,2011,Q04,114.2
CIU2010000200000I,2011,Q03,113.8
CIU2010000200000I,2011,Q02,113.3
CIU2010000200000I,2011,Q01,112.1
CIU2010000200000I,2010,Q04,111.6
CIU2010000200000I,2010,Q03,111.1
CIU2010000200000I,2010,Q02,110.8
CIU2010000200000I,2010,Q01,109.8
CIU2010000200000Q,2024,Q04,0.7
CIU2010000200000Q,2024,Q03,0.4
CIU2010000200000Q,2024,Q02,0.4
CIU2010000200000Q,2024,Q01,1.6
CIU2010000200000Q,2023,Q04,0.7
CIU2010000200000Q,2023,Q03,0.6
CIU2010000200000Q,2023,Q02,1.1
CIU2010000200000Q,2023,Q01,1.4
CIU2010000200000Q,2022,Q04,1.1
CIU2010000200000Q,2022,Q03,1.0
CIU2010000200000Q,2022,Q02,2.1
CIU2010000200000Q,2022,Q01,1.8
CIU2010000200000Q,2021,Q04,0.9
CIU2010000200000Q,2021,Q03,1.3
CIU2010000200000Q,2021,Q02,0.3
CIU2010000200000Q,2021,Q01,2.0
CIU2010000200000Q,2020,Q04,0.9
CIU2010000200000Q,2020,Q03,0.3
CIU2010000200000Q,2020,Q02,0.6
CIU2010000200000Q,2020,Q01,1.3
CIU2010000200000Q,2019,Q04,0.3
CIU2010000200000Q,2019,Q03,0.9
CIU2010000200000Q,2019,Q02,0.5
CIU2010000200000Q,2019,Q01,1.0
CIU2010000200000Q,2018,Q04,0.4
CIU2010000200000Q,2018,Q03,0.9
CIU2010000200000Q,2018,Q02,0.9
CIU2010000200000Q,2018,Q01,1.5
CIU2010000200000Q,2017,Q04,0.2
CIU2010000200000Q,2017,Q03,0.9
CIU2010000200000Q,2017,Q02,0.5
CIU2010000200000Q,2017,Q01,1.0
CIU2010000200000Q,2016,Q04,0.1
CIU2010000200000Q,2016,Q03,0.1
CIU2010000200000Q,2016,Q02,1.2
CIU2010000200000Q,2016,Q01,1.0
CIU2010000200000Q,2015,Q04,0.2
CIU2010000200000Q,2015,Q03,0.7
CIU2010000200000Q,2015,Q02,-0.5
CIU2010000200000Q,2015,Q01,1.2
CIU2010000200000Q,2014,Q04,0.7
CIU2010000200000Q,2014,Q03,0.5
CIU2010000200000Q,2014,Q02,1.0
CIU2010000200000Q,2014,Q01,0.3
CIU2010000200000Q,2013,Q04,0.5
CIU2010000200000Q,2013,Q03,0.3
CIU2010000200000Q,2013,Q02,0.7
CIU2010000200000Q,2013,Q01,0.8
CIU2010000200000Q,2012,Q04,0.1
CIU2010000200000Q,2012,Q03,0.3
CIU2010000200000Q,2012,Q02,0.8
CIU2010000200000Q,2012,Q01,0.7
CIU2010000200000Q,2011,Q04,0.4
CIU2010000200000Q,2011,Q03,0.4
CIU2010000200000Q,2011,Q02,1.1
CIU2010000200000Q,2011,Q01,0.4
CIU2010000200000Q,2010,Q04,0.5
CIU2010000200000Q,2010,Q03,0.3
CIU2010000200000Q,2010,Q02,0.9
CIU2010000200000Q,2010,Q01,0.5
CIU2010000300000A,2024,Q04,4.2
CIU2010000300000A,2024,Q03,4.1
CIU2010000300000A,2024,Q02,4.2
CIU2010000300000A,2024,Q01,3.9
CIU2010000300000A,2023,Q04,4.0
CIU2010000300000A,2023,Q03,4.5
CIU2010000300000A,2023,Q02,5.3
CIU2010000300000A,2023,Q01,6.0
CIU2010000300000A,2022,Q04,6.9
CIU2010000300000A,2022,Q03,7.7
CIU2010000300000A,2022,Q02,8.0
CIU2010000300000A,2022,Q01,7.8
CIU2010000300000A,2021,Q04,7.1
CIU2010000300000A,2021,Q03,6.1
CIU2010000300000A,2021,Q02,4.8
CIU2010000300000A,2021,Q01,3.9
CIU2010000300000A,2020,Q04,3.6
CIU2010000300000A,2020,Q03,3.7
CIU2010000300000A,2020,Q02,3.4
CIU2010000300000A,2020,Q01,3.6
CIU2010000300000A,2019,Q04,3.7
CIU2010000300000A,2019,Q03,3.5
CIU2010000300000A,2019,Q02,3.7
CIU2010000300000A,2019,Q01,3.4
CIU2010000300000A,2018,Q04,3.6
CIU2010000300000A,2018,Q03,3.5
CIU2010000300000A,2018,Q02,3.3
CIU2010000300000A,2018,Q01,3.2
CIU2010000300000A,2017,Q04,2.9
CIU2010000300000A,2017,Q03,2.8
CIU2010000300000A,2017,Q02,2.9
CIU2010000300000A,2017,Q01,3.4
CIU2010000300000A,2016,Q04,3.2
CIU2010000300000A,2016,Q03,3.2
CIU2010000300000A,2016,Q02,2.8
CIU2010000300000A,2016,Q01,2.0
CIU2010000300000A,2015,Q04,1.7
CIU2010000300000A,2015,Q03,1.7
CIU2010000300000A,2015,Q02,2.1
CIU2010000300000A,2015,Q01,2.3
CIU2010000300000A,2014,Q04,1.8
CIU2010000300000A,2014,Q03,1.8
CIU2010000300000A,2014,Q02,1.1
CIU2010000300000A,2014,Q01,1.1
CIU2010000300000A,2013,Q04,1.4
CIU2010000300000A,2013,Q03,1.4
CIU2010000300000A,2013,Q02,1.6
CIU2010000300000A,2013,Q01,1.6
CIU2010000300000A,2012,Q04,1.7
CIU2010000300000A,2012,Q03,1.6
CIU2010000300000A,2012,Q02,1.5
CIU2010000300000A,2012,Q01,1.3
CIU2010000300000A,2011,Q04,1.7
CIU2010000300000A,2011,Q03,1.5
CIU2010000300000A,2011,Q02,1.8
CIU2010000300000A,2011,Q01,1.9
CIU2010000300000A,2010,Q04,1.5
CIU2010000300000A,2010,Q03,1.4
CIU2010000300000A,2010,Q02,1.6
CIU2010000300000A,2010,Q01,1.5
CIU2010000300000I,2024,Q04,180.5
CIU2010000300000I,2024,Q03,179.3
CIU2010000300000I,2024,Q02,177.8
CIU2010000300000I,2024,Q01,175.6
CIU2010000300000I,2023,Q04,173.2
CIU2010000300000I,2023,Q03,172.3
CIU2010000300000I,2023,Q02,170.7
CIU2010000300000I,2023,Q01,169.0
CIU2010000300000I,2022,Q04,166.6
CIU2010000300000I,2022,Q03,164.9
CIU2010000300000I,2022,Q02,162.1
CIU2010000300000I,2022,Q01,159.4
CIU2010000300000I,2021,Q04,155.9
CIU2010000300000I,2021,Q03,153.1
CIU2010000300000I,2021,Q02,150.1
CIU2010000300000I,2021,Q01,147.8
CIU2010000300000I,2020,Q04,145.6
CIU2010000300000I,2020,Q03,144.3
CIU2010000300000I,2020,Q02,143.2
CIU2010000300000I,2020,Q01,142.2
CIU2010000300000I,2019,Q04,140.6
CIU2010000300000I,2019,Q03,139.2
CIU2010000300000I,2019,Q02,138.5
CIU2010000300000I,2019,Q01,137.2
CIU2010000300000I,2018,Q04,135.6
CIU2010000300000I,2018,Q03,134.5
CIU2010000300000I,2018,Q02,133.5
CIU2010000300000I,2018,Q01,132.7
CIU2010000300000I,2017,Q04,130.9
CIU2010000300000I,2017,Q03,130.0
CIU2010000300000I,2017,Q02,129.2
CIU2010000300000I,2017,Q01,128.6
CIU2010000300000I,2016,Q04,127.2
CIU2010000300000I,2016,Q03,126.5
CIU2010000300000I,2016,Q02,125.5
CIU2010000300000I,2016,Q01,124.4
CIU2010000300000I,2015,Q04,123.2
CIU2010000300000I,2015,Q03,122.6
CIU2010000300000I,2015,Q02,122.1
CIU2010000300000I,2015,Q01,122.0
CIU2010000300000I,2014,Q04,121.1
CIU2010000300000I,2014,Q03,120.5
CIU2010000300000I,2014,Q02,119.6
CIU2010000300000I,2014,Q01,119.2
CIU2010000300000I,2013,Q04,119.0
CIU2010000300000I,2013,Q03,118.4
CIU2010000300000I,2013,Q02,118.3
CIU2010000300000I,2013,Q01,117.9
CIU2010000300000I,2012,Q04,117.4
CIU2010000300000I,2012,Q03,116.8
CIU2010000300000I,2012,Q02,116.4
CIU2010000300000I,2012,Q01,116.0
CIU2010000300000I,2011,Q04,115.4
CIU2010000300000I,2011,Q03,115.0
CIU2010000300000I,2011,Q02,114.7
CIU2010000300000I,2011,Q01,114.5
CIU2010000300000I,2010,Q04,113.5
CIU2010000300000I,2010,Q03,113.3
CIU2010000300000I,2010,Q02,112.7
CIU2010000300000I,2010,Q01,112.4
CIU2010000300000Q,2024,Q04,0.7
CIU2010000300000Q,2024,Q03,0.8
CIU2010000300000Q,2024,Q02,1.3
CIU2010000300000Q,2024,Q01,1.4
CIU2010000300000Q,2023,Q04,0.5
CIU2010000300000Q,2023,Q03,0.9
CIU2010000300000Q,2023,Q02,1.0
CIU2010000300000Q,2023,Q01,1.4
CIU2010000300000Q,2022,Q04,1.0
CIU2010000300000Q,2022,Q03,1.7
CIU2010000300000Q,2022,Q02,1.7
CIU2010000300000Q,2022,Q01,2.2
CIU2010000300000Q,2021,Q04,1.8
CIU2010000300000Q,2021,Q03,2.0
CIU2010000300000Q,2021,Q02,1.6
CIU2010000300000Q,2021,Q01,1.5
CIU2010000300000Q,2020,Q04,0.9
CIU2010000300000Q,2020,Q03,0.8
CIU2010000300000Q,2020,Q02,0.7
CIU2010000300000Q,2020,Q01,1.1
CIU2010000300000Q,2019,Q04,1.0
CIU2010000300000Q,2019,Q03,0.5
CIU2010000300000Q,2019,Q02,0.9
CIU2010000300000Q,2019,Q01,1.2
CIU2010000300000Q,2018,Q04,0.8
CIU2010000300000Q,2018,Q03,0.7
CIU2010000300000Q,2018,Q02,0.6
CIU2010000300000Q,2018,Q01,1.4
CIU2010000300000Q,2017,Q04,0.7
CIU2010000300000Q,2017,Q03,0.6
CIU2010000300000Q,2017,Q02,0.5
CIU2010000300000Q,2017,Q01,1.1
CIU2010000300000Q,2016,Q04,0.6
CIU2010000300000Q,2016,Q03,0.8
CIU2010000300000Q,2016,Q02,0.9
CIU2010000300000Q,2016,Q01,1.0
CIU2010000300000Q,2015,Q04,0.5
CIU2010000300000Q,2015,Q03,0.4
CIU2010000300000Q,2015,Q02,0.1
CIU2010000300000Q,2015,Q01,0.7
CIU2010000300000Q,2014,Q04,0.5
CIU2010000300000Q,2014,Q03,0.8
CIU2010000300000Q,2014,Q02,0.3
CIU2010000300000Q,2014,Q01,0.2
CIU2010000300000Q,2013,Q04,0.5
CIU2010000300000Q,2013,Q03,0.1
CIU2010000300000Q,2013,Q02,0.3
CIU2010000300000Q,2013,Q01,0.4
CIU2010000300000Q,2012,Q04,0.5
CIU2010000300000Q,2012,Q03,0.3
CIU2010000300000Q,2012,Q02,0.3
CIU2010000300000Q,2012,Q01,0.5
CIU2010000300000Q,2011,Q04,0.3
CIU2010000300000Q,2011,Q03,0.3
CIU2010000300000Q,2011,Q02,0.2
CIU2010000300000Q,2011,Q01,0.9
CIU2010000300000Q,2010,Q04,0.2
CIU2010000300000Q,2010,Q03,0.5
CIU2010000300000Q,2010,Q02,0.3
CIU2010000300000Q,2010,Q01,0.5
CIU2010000400000A,2024,Q04,3.7
CIU2010000400000A,2024,Q03,3.9
CIU2010000400000A,2024,Q02,4.0
CIU2010000400000A,2024,Q01,4.2
CIU2010000400000A,2023,Q04,4.4
CIU2010000400000A,2023,Q03,4.2
CIU2010000400000A,2023,Q02,4.1
CIU2010000400000A,2023,Q01,4.3
CIU2010000400000A,2022,Q04,4.2
CIU2010000400000A,2022,Q03,4.3
CIU2010000400000A,2022,Q02,4.3
CIU2010000400000A,2022,Q01,4.0
CIU2010000400000A,2021,Q04,3.8
CIU2010000400000A,2021,Q03,3.5
CIU2010000400000A,2021,Q02,3.1
CIU2010000400000A,2021,Q01,2.4
CIU2010000400000A,2020,Q04,2.5
CIU2010000400000A,2020,Q03,2.4
CIU2010000400000A,2020,Q02,2.7
CIU2010000400000A,2020,Q01,3.0
CIU2010000400000A,2019,Q04,2.5
CIU2010000400000A,2019,Q03,2.5
CIU2010000400000A,2019,Q02,2.1
CIU2010000400000A,2019,Q01,2.7
CIU2010000400000A,2018,Q04,2.5
CIU2010000400000A,2018,Q03,2.5
CIU2010000400000A,2018,Q02,2.9
CIU2010000400000A,2018,Q01,2.6
CIU2010000400000A,2017,Q04,2.7
CIU2010000400000A,2017,Q03,2.8
CIU2010000400000A,2017,Q02,2.4
CIU2010000400000A,2017,Q01,2.2
CIU2010000400000A,2016,Q04,2.2
CIU2010000400000A,2016,Q03,2.0
CIU2010000400000A,2016,Q02,2.0
CIU2010000400000A,2016,Q01,1.7
CIU2010000400000A,2015,Q04,1.4
CIU2010000400000A,2015,Q03,1.5
CIU2010000400000A,2015,Q02,1.7
CIU2010000400000A,2015,Q01,2.3
CIU2010000400000A,2014,Q04,2.6
CIU2010000400000A,2014,Q03,2.4
CIU2010000400000A,2014,Q02,2.4
CIU2010000400000A,2014,Q01,1.9
CIU2010000400000A,2013,Q04,2.0
CIU2010000400000A,2013,Q03,1.9
CIU2010000400000A,2013,Q02,1.8
CIU2010000400000A,2013,Q01,2.0
CIU2010000400000A,2012,Q04,1.7
CIU2010000400000A,2012,Q03,1.9
CIU2010000400000A,2012,Q02,1.8
CIU2010000400000A,2012,Q01,2.2
CIU2010000400000A,2011,Q04,2.2
CIU2010000400000A,2011,Q03,2.1
CIU2010000400000A,2011,Q02,2.0
CIU2010000400000A,2011,Q01,1.4
CIU2010000400000A,2010,Q04,1.9
CIU2010000400000A,2010,Q03,2.1
CIU2010000400000A,2010,Q02,2.2
CIU2010000400000A,2010,Q01,2.1
CIU2010000400000I,2024,Q04,165.6
CIU2010000400000I,2024,Q03,164.3
CIU2010000400000I,2024,Q02,162.8
CIU2010000400000I,2024,Q01,161.3
CIU2010000400000I,2023,Q04,159.7
CIU2010000400000I,2023,Q03,158.2
CIU2010000400000I,2023,Q02,156.6
CIU2010000400000I,2023,Q01,154.8
CIU2010000400000I,2022,Q04,152.9
CIU2010000400000I,2022,Q03,151.8
CIU2010000400000I,2022,Q02,150.4
CIU2010000400000I,2022,Q01,148.4
CIU2010000400000I,2021,Q04,146.7
CIU2010000400000I,2021,Q03,145.5
CIU2010000400000I,2021,Q02,144.2
CIU2010000400000I,2021,Q01,142.7
CIU2010000400000I,2020,Q04,141.3
CIU2010000400000I,2020,Q03,140.6
CIU2010000400000I,2020,Q02,139.9
CIU2010000400000I,2020,Q01,139.3
CIU2010000400000I,2019,Q04,137.9
CIU2010000400000I,2019,Q03,137.3
CIU2010000400000I,2019,Q02,136.2
CIU2010000400000I,2019,Q01,135.3
CIU2010000400000I,2018,Q04,134.5
CIU2010000400000I,2018,Q03,133.9
CIU2010000400000I,2018,Q02,133.4
CIU2010000400000I,2018,Q01,131.8
CIU2010000400000I,2017,Q04,131.2
CIU2010000400000I,2017,Q03,130.6
CIU2010000400000I,2017,Q02,129.7
CIU2010000400000I,2017,Q01,128.5
CIU2010000400000I,2016,Q04,127.7
CIU2010000400000I,2016,Q03,127.1
CIU2010000400000I,2016,Q02,126.6
CIU2010000400000I,2016,Q01,125.7
CIU2010000400000I,2015,Q04,124.9
CIU2010000400000I,2015,Q03,124.6
CIU2010000400000I,2015,Q02,124.1
CIU2010000400000I,2015,Q01,123.6
CIU2010000400000I,2014,Q04,123.2
CIU2010000400000I,2014,Q03,122.8
CIU2010000400000I,2014,Q02,122.0
CIU2010000400000I,2014,Q01,120.8
CIU2010000400000I,2013,Q04,120.1
CIU2010000400000I,2013,Q03,119.9
CIU2010000400000I,2013,Q02,119.1
CIU2010000400000I,2013,Q01,118.6
CIU2010000400000I,2012,Q04,117.8
CIU2010000400000I,2012,Q03,117.7
CIU2010000400000I,2012,Q02,117.0
CIU2010000400000I,2012,Q01,116.3
CIU2010000400000I,2011,Q04,115.8
CIU2010000400000I,2011,Q03,115.5
CIU2010000400000I,2011,Q02,114.9
CIU2010000400000I,2011,Q01,113.8
CIU2010000400000I,2010,Q04,113.3
CIU2010000400000I,2010,Q03,113.1
CIU2010000400000I,2010,Q02,112.7
CIU2010000400000I,2010,Q01,112.2
CIU2010000400000Q,2024,Q04,0.8
CIU2010000400000Q,2024,Q03,0.9
CIU2010000400000Q,2024,Q02,0.9
CIU2010000400000Q,2024,Q01,1.0
CIU2010000400000Q,2023,Q04,0.9
CIU2010000400000Q,2023,Q03,1.0
CIU2010000400000Q,2023,Q02,1.2
CIU2010000400000Q,2023,Q01,1.2
CIU2010000400000Q,2022,Q04,0.7
CIU2010000400000Q,2022,Q03,0.9
CIU2010000400000Q,2022,Q02,1.3
CIU2010000400000Q,2022,Q01,1.2
CIU2010000400000Q,2021,Q04,0.8
CIU2010000400000Q,2021,Q03,0.9
CIU2010000400000Q,2021,Q02,1.1
CIU2010000400000Q,2021,Q01,1.0
CIU2010000400000Q,2020,Q04,0.5
CIU2010000400000Q,2020,Q03,0.5
CIU2010000400000Q,2020,Q02,0.4
CIU2010000400000Q,2020,Q01,1.0
CIU2010000400000Q,2019,Q04,0.4
CIU2010000400000Q,2019,Q03,0.8
CIU2010000400000Q,2019,Q02,0.7
CIU2010000400000Q,2019,Q01,0.6
CIU2010000400000Q,2018,Q04,0.4
CIU2010000400000Q,2018,Q03,0.4
CIU2010000400000Q,2018,Q02,1.2
CIU2010000400000Q,2018,Q01,0.5
CIU2010000400000Q,2017,Q04,0.5
CIU2010000400000Q,2017,Q03,0.7
CIU2010000400000Q,2017,Q02,0.9
CIU2010000400000Q,2017,Q01,0.6
CIU2010000400000Q,2016,Q04,0.5
CIU2010000400000Q,2016,Q03,0.4
CIU2010000400000Q,2016,Q02,0.7
CIU2010000400000Q,2016,Q01,0.6
CIU2010000400000Q,2015,Q04,0.2
CIU2010000400000Q,2015,Q03,0.4
CIU2010000400000Q,2015,Q02,0.4
CIU2010000400000Q,2015,Q01,0.3
CIU2010000400000Q,2014,Q04,0.3
CIU2010000400000Q,2014,Q03,0.7
CIU2010000400000Q,2014,Q02,1.0
CIU2010000400000Q,2014,Q01,0.6
CIU2010000400000Q,2013,Q04,0.2
CIU2010000400000Q,2013,Q03,0.7
CIU2010000400000Q,2013,Q02,0.4
CIU2010000400000Q,2013,Q01,0.7
CIU2010000400000Q,2012,Q04,0.1
CIU2010000400000Q,2012,Q03,0.6
CIU2010000400000Q,2012,Q02,0.6
CIU2010000400000Q,2012,Q01,0.4
CIU2010000400000Q,2011,Q04,0.3
CIU2010000400000Q,2011,Q03,0.5
CIU2010000400000Q,2011,Q02,1.0
CIU2010000400000Q,2011,Q01,0.4
CIU2010000400000Q,2010,Q04,0.2
CIU2010000400000Q,2010,Q03,0.4
CIU2010000400000Q,2010,Q02,0.4
CIU2010000400000Q,2010,Q01,0.9
CIU2010000500000A,2024,Q04,4.2
CIU2010000500000A,2024,Q03,5.1
CIU2010000500000A,2024,Q02,5.1
CIU2010000500000A,2024,Q01,4.7
CIU2010000500000A,2023,Q04,4.6
CIU2010000500000A,2023,Q03,3.9
CIU2010000500000A,2023,Q02,4.3
CIU2010000500000A,2023,Q01,4.5
CIU2010000500000A,2022,Q04,4.8
CIU2010000500000A,2022,Q03,5.4
CIU2010000500000A,2022,Q02,5.7
CIU2010000500000A,2022,Q01,5.7
CIU2010000500000A,2021,Q04,4.9
CIU2010000500000A,2021,Q03,4.4
CIU2010000500000A,2021,Q02,3.6
CIU2010000500000A,2021,Q01,3.2
CIU2010000500000A,2020,Q04,3.3
CIU2010000500000A,2020,Q03,3.3
CIU2010000500000A,2020,Q02,3.3
CIU2010000500000A,2020,Q01,3.1
CIU2010000500000A,2019,Q04,3.3
CIU2010000500000A,2019,Q03,3.0
CIU2010000500000A,2019,Q02,3.0
CIU2010000500000A,2019,Q01,2.9
CIU2010000500000A,2018,Q04,2.8
CIU2010000500000A,2018,Q03,2.8
CIU2010000500000A,2018,Q02,3.3
CIU2010000500000A,2018,Q01,3.3
CIU2010000500000A,2017,Q04,3.1
CIU2010000500000A,2017,Q03,3.2
CIU2010000500000A,2017,Q02,2.7
CIU2010000500000A,2017,Q01,2.9
CIU2010000500000A,2016,Q04,2.7
CIU2010000500000A,2016,Q03,2.7
CIU2010000500000A,2016,Q02,2.5
CIU2010000500000A,2016,Q01,2.5
CIU2010000500000A,2015,Q04,2.6
CIU2010000500000A,2015,Q03,2.3
CIU2010000500000A,2015,Q02,2.5
CIU2010000500000A,2015,Q01,2.4
CIU2010000500000A,2014,Q04,2.2
CIU2010000500000A,2014,Q03,2.4
CIU2010000500000A,2014,Q02,2.0
CIU2010000500000A,2014,Q01,1.9
CIU2010000500000A,2013,Q04,1.7
CIU2010000500000A,2013,Q03,1.6
CIU2010000500000A,2013,Q02,1.8
CIU2010000500000A,2013,Q01,1.9
CIU2010000500000A,2012,Q04,1.6
CIU2010000500000A,2012,Q03,1.7
CIU2010000500000A,2012,Q02,1.4
CIU2010000500000A,2012,Q01,2.0
CIU2010000500000A,2011,Q04,2.4
CIU2010000500000A,2011,Q03,2.2
CIU2010000500000A,2011,Q02,2.7
CIU2010000500000A,2011,Q01,2.1
CIU2010000500000A,2010,Q04,2.4
CIU2010000500000A,2010,Q03,2.5
CIU2010000500000A,2010,Q02,2.2
CIU2010000500000A,2010,Q01,2.0
CIU2010000500000I,2024,Q04,172.4
CIU2010000500000I,2024,Q03,171.5
CIU2010000500000I,2024,Q02,170.2
CIU2010000500000I,2024,Q01,167.9
CIU2010000500000I,2023,Q04,165.5
CIU2010000500000I,2023,Q03,163.2
CIU2010000500000I,2023,Q02,161.9
CIU2010000500000I,2023,Q01,160.3
CIU2010000500000I,2022,Q04,158.2
CIU2010000500000I,2022,Q03,157.0
CIU2010000500000I,2022,Q02,155.2
CIU2010000500000I,2022,Q01,153.4
CIU2010000500000I,2021,Q04,150.9
CIU2010000500000I,2021,Q03,149.0
CIU2010000500000I,2021,Q02,146.8
CIU2010000500000I,2021,Q01,145.1
CIU2010000500000I,2020,Q04,143.8
CIU2010000500000I,2020,Q03,142.7
CIU2010000500000I,2020,Q02,141.7
CIU2010000500000I,2020,Q01,140.6
CIU2010000500000I,2019,Q04,139.2
CIU2010000500000I,2019,Q03,138.1
CIU2010000500000I,2019,Q02,137.2
CIU2010000500000I,2019,Q01,136.4
CIU2010000500000I,2018,Q04,134.7
CIU2010000500000I,2018,Q03,134.1
CIU2010000500000I,2018,Q02,133.2
CIU2010000500000I,2018,Q01,132.5
CIU2010000500000I,2017,Q04,131.0
CIU2010000500000I,2017,Q03,130.4
CIU2010000500000I,2017,Q02,129.0
CIU2010000500000I,2017,Q01,128.3
CIU2010000500000I,2016,Q04,127.0
CIU2010000500000I,2016,Q03,126.4
CIU2010000500000I,2016,Q02,125.6
CIU2010000500000I,2016,Q01,124.7
CIU2010000500000I,2015,Q04,123.7
CIU2010000500000I,2015,Q03,123.1
CIU2010000500000I,2015,Q02,122.5
CIU2010000500000I,2015,Q01,121.7
CIU2010000500000I,2014,Q04,120.6
CIU2010000500000I,2014,Q03,120.3
CIU2010000500000I,2014,Q02,119.5
CIU2010000500000I,2014,Q01,118.9
CIU2010000500000I,2013,Q04,118.0
CIU2010000500000I,2013,Q03,117.5
CIU2010000500000I,2013,Q02,117.2
CIU2010000500000I,2013,Q01,116.7
CIU2010000500000I,2012,Q04,116.0
CIU2010000500000I,2012,Q03,115.7
CIU2010000500000I,2012,Q02,115.1
CIU2010000500000I,2012,Q01,114.5
CIU2010000500000I,2011,Q04,114.2
CIU2010000500000I,2011,Q03,113.8
CIU2010000500000I,2011,Q02,113.5
CIU2010000500000I,2011,Q01,112.2
CIU2010000500000I,2010,Q04,111.5
CIU2010000500000I,2010,Q03,111.3
CIU2010000500000I,2010,Q02,110.5
CIU2010000500000I,2010,Q01,109.9
CIU2010000500000Q,2024,Q04,0.5
CIU2010000500000Q,2024,Q03,0.8
CIU2010000500000Q,2024,Q02,1.4
CIU2010000500000Q,2024,Q01,1.5
CIU2010000500000Q,2023,Q04,1.4
CIU2010000500000Q,2023,Q03,0.8
CIU2010000500000Q,2023,Q02,1.0
CIU2010000500000Q,2023,Q01,1.3
CIU2010000500000Q,2022,Q04,0.8
CIU2010000500000Q,2022,Q03,1.2
CIU2010000500000Q,2022,Q02,1.2
CIU2010000500000Q,2022,Q01,1.7
CIU2010000500000Q,2021,Q04,1.3
CIU2010000500000Q,2021,Q03,1.5
CIU2010000500000Q,2021,Q02,1.2
CIU2010000500000Q,2021,Q01,0.9
CIU2010000500000Q,2020,Q04,0.8
CIU2010000500000Q,2020,Q03,0.7
CIU2010000500000Q,2020,Q02,0.8
CIU2010000500000Q,2020,Q01,1.0
CIU2010000500000Q,2019,Q04,0.8
CIU2010000500000Q,2019,Q03,0.7
CIU2010000500000Q,2019,Q02,0.6
CIU2010000500000Q,2019,Q01,1.3
CIU2010000500000Q,2018,Q04,0.4
CIU2010000500000Q,2018,Q03,0.7
CIU2010000500000Q,2018,Q02,0.5
CIU2010000500000Q,2018,Q01,1.1
CIU2010000500000Q,2017,Q04,0.5
CIU2010000500000Q,2017,Q03,1.1
CIU2010000500000Q,2017,Q02,0.5
CIU2010000500000Q,2017,Q01,1.0
CIU2010000500000Q,2016,Q04,0.5
CIU2010000500000Q,2016,Q03,0.6
CIU2010000500000Q,2016,Q02,0.7
CIU2010000500000Q,2016,Q01,0.8
CIU2010000500000Q,2015,Q04,0.5
CIU2010000500000Q,2015,Q03,0.5
CIU2010000500000Q,2015,Q02,0.7
CIU2010000500000Q,2015,Q01,0.9
CIU2010000500000Q,2014,Q04,0.2
CIU2010000500000Q,2014,Q03,0.7
CIU2010000500000Q,2014,Q02,0.5
CIU2010000500000Q,2014,Q01,0.8
CIU2010000500000Q,2013,Q04,0.4
CIU2010000500000Q,2013,Q03,0.3
CIU2010000500000Q,2013,Q02,0.4
CIU2010000500000Q,2013,Q01,0.6
CIU2010000500000Q,2012,Q04,0.3
CIU2010000500000Q,2012,Q03,0.5
CIU2010000500000Q,2012,Q02,0.5
CIU2010000500000Q,2012,Q01,0.3
CIU2010000500000Q,2011,Q04,0.4
CIU2010000500000Q,2011,Q03,0.3
CIU2010000500000Q,2011,Q02,1.2
CIU2010000500000Q,2011,Q01,0.6
CIU2010000500000Q,2010,Q04,0.2
CIU2010000500000Q,2010,Q03,0.7
CIU2010000500000Q,2010,Q02,0.5
CIU2010000500000Q,2010,Q01,0.9
CIU2013000000000A,2024,Q04,3.6
CIU2013000000000A,2024,Q03,3.8
CIU2013000000000A,2024,Q02,3.8
CIU2013000000000A,2024,Q01,3.8
CIU2013000000000A,2023,Q04,3.7
CIU2013000000000A,2023,Q03,3.7
CIU2013000000000A,2023,Q02,3.9
CIU2013000000000A,2023,Q01,4.2
CIU2013000000000A,2022,Q04,4.7
CIU2013000000000A,2022,Q03,4.6
CIU2013000000000A,2022,Q02,5.1
CIU2013000000000A,2022,Q01,4.9
CIU2013000000000A,2021,Q04,3.6
CIU2013000000000A,2021,Q03,3.6
CIU2013000000000A,2021,Q02,2.6
CIU2013000000000A,2021,Q01,2.3
CIU2013000000000A,2020,Q04,2.4
CIU2013000000000A,2020,Q03,2.3
CIU2013000000000A,2020,Q02,2.5
CIU2013000000000A,2020,Q01,2.5
CIU2013000000000A,2019,Q04,2.8
CIU2013000000000A,2019,Q03,2.8
CIU2013000000000A,2019,Q02,2.3
CIU2013000000000A,2019,Q01,2.2
CIU2013000000000A,2018,Q04,2.1
CIU2013000000000A,2018,Q03,1.9
CIU2013000000000A,2018,Q02,2.9
CIU2013000000000A,2018,Q01,2.8
CIU2013000000000A,2017,Q04,2.7
CIU2013000000000A,2017,Q03,2.6
CIU2013000000000A,2017,Q02,2.1
CIU2013000000000A,2017,Q01,2.2
CIU2013000000000A,2016,Q04,2.2
CIU2013000000000A,2016,Q03,2.5
CIU2013000000000A,2016,Q02,2.3
CIU2013000000000A,2016,Q01,2.4
CIU2013000000000A,2015,Q04,2.5
CIU2013000000000A,2015,Q03,2.3
CIU2013000000000A,2015,Q02,2.5
CIU2013000000000A,2015,Q01,2.3
CIU2013000000000A,2014,Q04,2.4
CIU2013000000000A,2014,Q03,2.2
CIU2013000000000A,2014,Q02,2.1
CIU2013000000000A,2014,Q01,2.1
CIU2013000000000A,2013,Q04,1.8
CIU2013000000000A,2013,Q03,1.8
CIU2013000000000A,2013,Q02,2.0
CIU2013000000000A,2013,Q01,2.0
CIU2013000000000A,2012,Q04,1.6
CIU2013000000000A,2012,Q03,1.6
CIU2013000000000A,2012,Q02,1.2
CIU2013000000000A,2012,Q01,1.8
CIU2013000000000A,2011,Q04,2.8
CIU2013000000000A,2011,Q03,2.6
CIU2013000000000A,2011,Q02,3.3
CIU2013000000000A,2011,Q01,2.8
CIU2013000000000A,2010,Q04,2.8
CIU2013000000000A,2010,Q03,2.9
CIU2013000000000A,2010,Q02,2.2
CIU2013000000000A,2010,Q01,1.8
CIU2013000000000I,2024,Q04,161.4
CIU2013000000000I,2024,Q03,160.4
CIU2013000000000I,2024,Q02,159.6
CIU2013000000000I,2024,Q01,158.1
CIU2013000000000I,2023,Q04,155.8
CIU2013000000000I,2023,Q03,154.6
CIU2013000000000I,2023,Q02,153.7
CIU2013000000000I,2023,Q01,152.3
CIU2013000000000I,2022,Q04,150.3
CIU2013000000000I,2022,Q03,149.1
CIU2013000000000I,2022,Q02,148.0
CIU2013000000000I,2022,Q01,146.2
CIU2013000000000I,2021,Q04,143.5
CIU2013000000000I,2021,Q03,142.5
CIU2013000000000I,2021,Q02,140.8
CIU2013000000000I,2021,Q01,139.4
CIU2013000000000I,2020,Q04,138.5
CIU2013000000000I,2020,Q03,137.6
CIU2013000000000I,2020,Q02,137.2
CIU2013000000000I,2020,Q01,136.2
CIU2013000000000I,2019,Q04,135.3
CIU2013000000000I,2019,Q03,134.5
CIU2013000000000I,2019,Q02,133.8
CIU2013000000000I,2019,Q01,132.9
CIU2013000000000I,2018,Q04,131.6
CIU2013000000000I,2018,Q03,130.9
CIU2013000000000I,2018,Q02,130.8
CIU2013000000000I,2018,Q01,130.0
CIU2013000000000I,2017,Q04,128.9
CIU2013000000000I,2017,Q03,128.4
CIU2013000000000I,2017,Q02,127.1
CIU2013000000000I,2017,Q01,126.4
CIU2013000000000I,2016,Q04,125.5
CIU2013000000000I,2016,Q03,125.1
CIU2013000000000I,2016,Q02,124.5
CIU2013000000000I,2016,Q01,123.7
CIU2013000000000I,2015,Q04,122.8
CIU2013000000000I,2015,Q03,122.1
CIU2013000000000I,2015,Q02,121.7
CIU2013000000000I,2015,Q01,120.8
CIU2013000000000I,2014,Q04,119.8
CIU2013000000000I,2014,Q03,119.3
CIU2013000000000I,2014,Q02,118.7
CIU2013000000000I,2014,Q01,118.1
CIU2013000000000I,2013,Q04,117.0
CIU2013000000000I,2013,Q03,116.7
CIU2013000000000I,2013,Q02,116.3
CIU2013000000000I,2013,Q01,115.7
CIU2013000000000I,2012,Q04,114.9
CIU2013000000000I,2012,Q03,114.6
CIU2013000000000I,2012,Q02,114.0
CIU2013000000000I,2012,Q01,113.4
CIU2013000000000I,2011,Q04,113.1
CIU2013000000000I,2011,Q03,112.8
CIU2013000000000I,2011,Q02,112.7
CIU2013000000000I,2011,Q01,111.4
CIU2013000000000I,2010,Q04,110.0
CIU2013000000000I,2010,Q03,109.9
CIU2013000000000I,2010,Q02,109.1
CIU2013000000000I,2010,Q01,108.4
CIU2013000000000Q,2024,Q04,0.6
CIU2013000000000Q,2024,Q03,0.5
CIU2013000000000Q,2024,Q02,0.9
CIU2013000000000Q,2024,Q01,1.5
CIU2013000000000Q,2023,Q04,0.8
CIU2013000000000Q,2023,Q03,0.6
CIU2013000000000Q,2023,Q02,0.9
CIU2013000000000Q,2023,Q01,1.3
CIU2013000000000Q,2022,Q04,0.8
CIU2013000000000Q,2022,Q03,0.7
CIU2013000000000Q,2022,Q02,1.2
CIU2013000000000Q,2022,Q01,1.9
CIU2013000000000Q,2021,Q04,0.7
CIU2013000000000Q,2021,Q03,1.2
CIU2013000000000Q,2021,Q02,1.0
CIU2013000000000Q,2021,Q01,0.6
CIU2013000000000Q,2020,Q04,0.7
CIU2013000000000Q,2020,Q03,0.3
CIU2013000000000Q,2020,Q02,0.7
CIU2013000000000Q,2020,Q01,0.7
CIU2013000000000Q,2019,Q04,0.6
CIU2013000000000Q,2019,Q03,0.5
CIU2013000000000Q,2019,Q02,0.7
CIU2013000000000Q,2019,Q01,1.0
CIU2013000000000Q,2018,Q04,0.5
CIU2013000000000Q,2018,Q03,0.1
CIU2013000000000Q,2018,Q02,0.6
CIU2013000000000Q,2018,Q01,0.9
CIU2013000000000Q,2017,Q04,0.4
CIU2013000000000Q,2017,Q03,1.0
CIU2013000000000Q,2017,Q02,0.6
CIU2013000000000Q,2017,Q01,0.7
CIU2013000000000Q,2016,Q04,0.3
CIU2013000000000Q,2016,Q03,0.5
CIU2013000000000Q,2016,Q02,0.6
CIU2013000000000Q,2016,Q01,0.7
CIU2013000000000Q,2015,Q04,0.6
CIU2013000000000Q,2015,Q03,0.3
CIU2013000000000Q,2015,Q02,0.7
CIU2013000000000Q,2015,Q01,0.8
CIU2013000000000Q,2014,Q04,0.4
CIU2013000000000Q,2014,Q03,0.5
CIU2013000000000Q,2014,Q02,0.5
CIU2013000000000Q,2014,Q01,0.9
CIU2013000000000Q,2013,Q04,0.3
CIU2013000000000Q,2013,Q03,0.3
CIU2013000000000Q,2013,Q02,0.5
CIU2013000000000Q,2013,Q01,0.7
CIU2013000000000Q,2012,Q04,0.3
CIU2013000000000Q,2012,Q03,0.5
CIU2013000000000Q,2012,Q02,0.5
CIU2013000000000Q,2012,Q01,0.3
CIU2013000000000Q,2011,Q04,0.3
CIU2013000000000Q,2011,Q03,0.1
CIU2013000000000Q,2011,Q02,1.2
CIU2013000000000Q,2011,Q01,1.3
CIU2013000000000Q,2010,Q04,0.1
CIU2013000000000Q,2010,Q03,0.7
CIU2013000000000Q,2010,Q02,0.6
CIU2013000000000Q,2010,Q01,1.3
CIU2013000100000A,2024,Q04,3.3
CIU2013000100000A,2024,Q03,3.3
CIU2013000100000A,2024,Q02,3.4
CIU2013000100000A,2024,Q01,3.3
CIU2013000100000A,2023,Q04,3.2
CIU2013000100000A,2023,Q03,3.3
CIU2013000100000A,2023,Q02,3.0
CIU2013000100000A,2023,Q01,2.9
CIU2013000100000A,2022,Q04,3.6
CIU2013000100000A,2022,Q03,3.5
CIU2013000100000A,2022,Q02,4.3
CIU2013000100000A,2022,Q01,4.1
CIU2013000100000A,2021,Q04,2.6
CIU2013000100000A,2021,Q03,2.6
CIU2013000100000A,2021,Q02,1.9
CIU2013000100000A,2021,Q01,1.7
CIU2013000100000A,2020,Q04,1.9
CIU2013000100000A,2020,Q03,1.8
CIU2013000100000A,2020,Q02,2.1
CIU2013000100000A,2020,Q01,2.1
CIU2013000100000A,2019,Q04,2.5
CIU2013000100000A,2019,Q03,2.6
CIU2013000100000A,2019,Q02,1.8
CIU2013000100000A,2019,Q01,2.0
CIU2013000100000A,2018,Q04,2.0
CIU2013000100000A,2018,Q03,1.9
CIU2013000100000A,2018,Q02,3.1
CIU2013000100000A,2018,Q01,2.8
CIU2013000100000A,2017,Q04,2.6
CIU2013000100000A,2017,Q03,2.5
CIU2013000100000A,2017,Q02,1.9
CIU2013000100000A,2017,Q01,2.1
CIU2013000100000A,2016,Q04,2.2
CIU2013000100000A,2016,Q03,2.3
CIU2013000100000A,2016,Q02,2.0
CIU2013000100000A,2016,Q01,2.2
CIU2013000100000A,2015,Q04,2.3
CIU2013000100000A,2015,Q03,2.2
CIU2013000100000A,2015,Q02,2.9
CIU2013000100000A,2015,Q01,2.5
CIU2013000100000A,2014,Q04,2.7
CIU2013000100000A,2014,Q03,2.4
CIU2013000100000A,2014,Q02,2.2
CIU2013000100000A,2014,Q01,2.2
CIU2013000100000A,2013,Q04,2.0
CIU2013000100000A,2013,Q03,2.4
CIU2013000100000A,2013,Q02,2.2
CIU2013000100000A,2013,Q01,2.1
CIU2013000100000A,2012,Q04,2.0
CIU2013000100000A,2012,Q03,1.9
CIU2013000100000A,2012,Q02,1.5
CIU2013000100000A,2012,Q01,2.1
CIU2013000100000A,2011,Q04,3.1
CIU2013000100000A,2011,Q03,2.9
CIU2013000100000A,2011,Q02,3.7
CIU2013000100000A,2011,Q01,3.5
CIU2013000100000A,2010,Q04,3.1
CIU2013000100000A,2010,Q03,3.2
CIU2013000100000A,2010,Q02,2.2
CIU2013000100000A,2010,Q01,1.4
CIU2013000100000I,2024,Q04,155.0
CIU2013000100000I,2024,Q03,154.5
CIU2013000100000I,2024,Q02,154.0
CIU2013000100000I,2024,Q01,152.5
CIU2013000100000I,2023,Q04,150.1
CIU2013000100000I,2023,Q03,149.5
CIU2013000100000I,2023,Q02,148.9
CIU2013000100000I,2023,Q01,147.6
CIU2013000100000I,2022,Q04,145.5
CIU2013000100000I,2022,Q03,144.7
CIU2013000100000I,2022,Q02,144.6
CIU2013000100000I,2022,Q01,143.4
CIU2013000100000I,2021,Q04,140.5
CIU2013000100000I,2021,Q03,139.8
CIU2013000100000I,2021,Q02,138.7
CIU2013000100000I,2021,Q01,137.7
CIU2013000100000I,2020,Q04,136.9
CIU2013000100000I,2020,Q03,136.3
CIU2013000100000I,2020,Q02,136.1
CIU2013000100000I,2020,Q01,135.4
CIU2013000100000I,2019,Q04,134.4
CIU2013000100000I,2019,Q03,133.9
CIU2013000100000I,2019,Q02,133.3
CIU2013000100000I,2019,Q01,132.6
CIU2013000100000I,2018,Q04,131.1
CIU2013000100000I,2018,Q03,130.5
CIU2013000100000I,2018,Q02,130.9
CIU2013000100000I,2018,Q01,130.0
CIU2013000100000I,2017,Q04,128.5
CIU2013000100000I,2017,Q03,128.1
CIU2013000100000I,2017,Q02,127.0
CIU2013000100000I,2017,Q01,126.4
CIU2013000100000I,2016,Q04,125.3
CIU2013000100000I,2016,Q03,125.0
CIU2013000100000I,2016,Q02,124.6
CIU2013000100000I,2016,Q01,123.8
CIU2013000100000I,2015,Q04,122.6
CIU2013000100000I,2015,Q03,122.2
CIU2013000100000I,2015,Q02,122.2
CIU2013000100000I,2015,Q01,121.1
CIU2013000100000I,2014,Q04,119.9
CIU2013000100000I,2014,Q03,119.6
CIU2013000100000I,2014,Q02,118.8
CIU2013000100000I,2014,Q01,118.2
CIU2013000100000I,2013,Q04,116.7
CIU2013000100000I,2013,Q03,116.8
CIU2013000100000I,2013,Q02,116.2
CIU2013000100000I,2013,Q01,115.6
CIU2013000100000I,2012,Q04,114.4
CIU2013000100000I,2012,Q03,114.1
CIU2013000100000I,2012,Q02,113.7
CIU2013000100000I,2012,Q01,113.2
CIU2013000100000I,2011,Q04,112.2
CIU2013000100000I,2011,Q03,112.0
CIU2013000100000I,2011,Q02,112.0
CIU2013000100000I,2011,Q01,110.9
CIU2013000100000I,2010,Q04,108.8
CIU2013000100000I,2010,Q03,108.8
CIU2013000100000I,2010,Q02,108.0
CIU2013000100000I,2010,Q01,107.2
CIU2013000100000Q,2024,Q04,0.3
CIU2013000100000Q,2024,Q03,0.3
CIU2013000100000Q,2024,Q02,1.0
CIU2013000100000Q,2024,Q01,1.6
CIU2013000100000Q,2023,Q04,0.4
CIU2013000100000Q,2023,Q03,0.4
CIU2013000100000Q,2023,Q02,0.9
CIU2013000100000Q,2023,Q01,1.4
CIU2013000100000Q,2022,Q04,0.6
CIU2013000100000Q,2022,Q03,0.1
CIU2013000100000Q,2022,Q02,0.8
CIU2013000100000Q,2022,Q01,2.1
CIU2013000100000Q,2021,Q04,0.5
CIU2013000100000Q,2021,Q03,0.8
CIU2013000100000Q,2021,Q02,0.7
CIU2013000100000Q,2021,Q01,0.6
CIU2013000100000Q,2020,Q04,0.4
CIU2013000100000Q,2020,Q03,0.1
CIU2013000100000Q,2020,Q02,0.5
CIU2013000100000Q,2020,Q01,0.7
CIU2013000100000Q,2019,Q04,0.4
CIU2013000100000Q,2019,Q03,0.5
CIU2013000100000Q,2019,Q02,0.5
CIU2013000100000Q,2019,Q01,1.1
CIU2013000100000Q,2018,Q04,0.5
CIU2013000100000Q,2018,Q03,-0.3
CIU2013000100000Q,2018,Q02,0.7
CIU2013000100000Q,2018,Q01,1.2
CIU2013000100000Q,2017,Q04,0.3
CIU2013000100000Q,2017,Q03,0.9
CIU2013000100000Q,2017,Q02,0.5
CIU2013000100000Q,2017,Q01,0.9
CIU2013000100000Q,2016,Q04,0.2
CIU2013000100000Q,2016,Q03,0.3
CIU2013000100000Q,2016,Q02,0.6
CIU2013000100000Q,2016,Q01,1.0
CIU2013000100000Q,2015,Q04,0.3
CIU2013000100000Q,2015,Q03,0.0
CIU2013000100000Q,2015,Q02,0.9
CIU2013000100000Q,2015,Q01,1.0
CIU2013000100000Q,2014,Q04,0.3
CIU2013000100000Q,2014,Q03,0.7
CIU2013000100000Q,2014,Q02,0.5
CIU2013000100000Q,2014,Q01,1.3
CIU2013000100000Q,2013,Q04,-0.1
CIU2013000100000Q,2013,Q03,0.5
CIU2013000100000Q,2013,Q02,0.5
CIU2013000100000Q,2013,Q01,1.0
CIU2013000100000Q,2012,Q04,0.3
CIU2013000100000Q,2012,Q03,0.4
CIU2013000100000Q,2012,Q02,0.4
CIU2013000100000Q,2012,Q01,0.9
CIU2013000100000Q,2011,Q04,0.2
CIU2013000100000Q,2011,Q03,0.0
CIU2013000100000Q,2011,Q02,1.0
CIU2013000100000Q,2011,Q01,1.9
CIU2013000100000Q,2010,Q04,0.0
CIU2013000100000Q,2010,Q03,0.7
CIU2013000100000Q,2010,Q02,0.7
CIU2013000100000Q,2010,Q01,1.6
CIU2013000200000A,2024,Q04,3.1
CIU2013000200000A,2024,Q03,3.3
CIU2013000200000A,2024,Q02,3.4
CIU2013000200000A,2024,Q01,4.5
CIU2013000200000A,2023,Q04,3.5
CIU2013000200000A,2023,Q03,4.0
CIU2013000200000A,2023,Q02,4.9
CIU2013000200000A,2023,Q01,5.4
CIU2013000200000A,2022,Q04,6.4
CIU2013000200000A,2022,Q03,5.7
CIU2013000200000A,2022,Q02,5.3
CIU2013000200000A,2022,Q01,4.9
CIU2013000200000A,2021,Q04,3.6
CIU2013000200000A,2021,Q03,3.6
CIU2013000200000A,2021,Q02,2.4
CIU2013000200000A,2021,Q01,1.6
CIU2013000200000A,2020,Q04,0.5
CIU2013000200000A,2020,Q03,0.8
CIU2013000200000A,2020,Q02,1.4
CIU2013000200000A,2020,Q01,2.0
CIU2013000200000A,2019,Q04,3.3
CIU2013000200000A,2019,Q03,3.0
CIU2013000200000A,2019,Q02,3.4
CIU2013000200000A,2019,Q01,3.3
CIU2013000200000A,2018,Q04,3.1
CIU2013000200000A,2018,Q03,2.9
CIU2013000200000A,2018,Q02,2.7
CIU2013000200000A,2018,Q01,2.6
CIU2013000200000A,2017,Q04,2.2
CIU2013000200000A,2017,Q03,2.2
CIU2013000200000A,2017,Q02,1.8
CIU2013000200000A,2017,Q01,2.0
CIU2013000200000A,2016,Q04,1.7
CIU2013000200000A,2016,Q03,2.3
CIU2013000200000A,2016,Q02,2.6
CIU2013000200000A,2016,Q01,3.1
CIU2013000200000A,2015,Q04,3.5
CIU2013000200000A,2015,Q03,3.0
CIU2013000200000A,2015,Q02,2.4
CIU2013000200000A,2015,Q01,2.3
CIU2013000200000A,2014,Q04,2.0
CIU2013000200000A,2014,Q03,2.4
CIU2013000200000A,2014,Q02,2.8
CIU2013000200000A,2014,Q01,2.4
CIU2013000200000A,2013,Q04,2.6
CIU2013000200000A,2013,Q03,2.0
CIU2013000200000A,2013,Q02,2.5
CIU2013000200000A,2013,Q01,1.7
CIU2013000200000A,2012,Q04,2.6
CIU2013000200000A,2012,Q03,2.8
CIU2013000200000A,2012,Q02,1.9
CIU2013000200000A,2012,Q01,2.6
CIU2013000200000A,2011,Q04,2.6
CIU2013000200000A,2011,Q03,2.7
CIU2013000200000A,2011,Q02,3.9
CIU2013000200000A,2011,Q01,3.8
CIU2013000200000A,2010,Q04,3.1
CIU2013000200000A,2010,Q03,2.9
CIU2013000200000A,2010,Q02,1.9
CIU2013000200000A,2010,Q01,0.7
CIU2013000200000I,2024,Q04,165.4
CIU2013000200000I,2024,Q03,164.7
CIU2013000200000I,2024,Q02,163.9
CIU2013000200000I,2024,Q01,163.8
CIU2013000200000I,2023,Q04,160.4
CIU2013000200000I,2023,Q03,159.4
CIU2013000200000I,2023,Q02,158.5
CIU2013000200000I,2023,Q01,156.8
CIU2013000200000I,2022,Q04,155.0
CIU2013000200000I,2022,Q03,153.2
CIU2013000200000I,2022,Q02,151.1
CIU2013000200000I,2022,Q01,148.8
CIU2013000200000I,2021,Q04,145.7
CIU2013000200000I,2021,Q03,145.0
CIU2013000200000I,2021,Q02,143.5
CIU2013000200000I,2021,Q01,141.9
CIU2013000200000I,2020,Q04,140.6
CIU2013000200000I,2020,Q03,139.9
CIU2013000200000I,2020,Q02,140.1
CIU2013000200000I,2020,Q01,139.6
CIU2013000200000I,2019,Q04,139.9
CIU2013000200000I,2019,Q03,138.8
CIU2013000200000I,2019,Q02,138.1
CIU2013000200000I,2019,Q01,136.8
CIU2013000200000I,2018,Q04,135.4
CIU2013000200000I,2018,Q03,134.7
CIU2013000200000I,2018,Q02,133.5
CIU2013000200000I,2018,Q01,132.4
CIU2013000200000I,2017,Q04,131.3
CIU2013000200000I,2017,Q03,130.9
CIU2013000200000I,2017,Q02,130.0
CIU2013000200000I,2017,Q01,129.0
CIU2013000200000I,2016,Q04,128.5
CIU2013000200000I,2016,Q03,128.1
CIU2013000200000I,2016,Q02,127.7
CIU2013000200000I,2016,Q01,126.5
CIU2013000200000I,2015,Q04,126.3
CIU2013000200000I,2015,Q03,125.2
CIU2013000200000I,2015,Q02,124.5
CIU2013000200000I,2015,Q01,122.7
CIU2013000200000I,2014,Q04,122.0
CIU2013000200000I,2014,Q03,121.6
CIU2013000200000I,2014,Q02,121.6
CIU2013000200000I,2014,Q01,119.9
CIU2013000200000I,2013,Q04,119.6
CIU2013000200000I,2013,Q03,118.8
CIU2013000200000I,2013,Q02,118.3
CIU2013000200000I,2013,Q01,117.1
CIU2013000200000I,2012,Q04,116.6
CIU2013000200000I,2012,Q03,116.5
CIU2013000200000I,2012,Q02,115.4
CIU2013000200000I,2012,Q01,115.1
CIU2013000200000I,2011,Q04,113.7
CIU2013000200000I,2011,Q03,113.3
CIU2013000200000I,2011,Q02,113.2
CIU2013000200000I,2011,Q01,112.2
CIU2013000200000I,2010,Q04,110.8
CIU2013000200000I,2010,Q03,110.3
CIU2013000200000I,2010,Q02,109.0
CIU2013000200000I,2010,Q01,108.1
CIU2013000200000Q,2024,Q04,0.4
CIU2013000200000Q,2024,Q03,0.5
CIU2013000200000Q,2024,Q02,0.1
CIU2013000200000Q,2024,Q01,2.1
CIU2013000200000Q,2023,Q04,0.6
CIU2013000200000Q,2023,Q03,0.6
CIU2013000200000Q,2023,Q02,1.1
CIU2013000200000Q,2023,Q01,1.2
CIU2013000200000Q,2022,Q04,1.2
CIU2013000200000Q,2022,Q03,1.4
CIU2013000200000Q,2022,Q02,1.5
CIU2013000200000Q,2022,Q01,2.1
CIU2013000200000Q,2021,Q04,0.5
CIU2013000200000Q,2021,Q03,1.0
CIU2013000200000Q,2021,Q02,1.1
CIU2013000200000Q,2021,Q01,0.9
CIU2013000200000Q,2020,Q04,0.5
CIU2013000200000Q,2020,Q03,-0.1
CIU2013000200000Q,2020,Q02,0.4
CIU2013000200000Q,2020,Q01,-0.2
CIU2013000200000Q,2019,Q04,0.8
CIU2013000200000Q,2019,Q03,0.5
CIU2013000200000Q,2019,Q02,1.0
CIU2013000200000Q,2019,Q01,1.0
CIU2013000200000Q,2018,Q04,0.5
CIU2013000200000Q,2018,Q03,0.9
CIU2013000200000Q,2018,Q02,0.8
CIU2013000200000Q,2018,Q01,0.8
CIU2013000200000Q,2017,Q04,0.3
CIU2013000200000Q,2017,Q03,0.7
CIU2013000200000Q,2017,Q02,0.8
CIU2013000200000Q,2017,Q01,0.4
CIU2013000200000Q,2016,Q04,0.3
CIU2013000200000Q,2016,Q03,0.3
CIU2013000200000Q,2016,Q02,0.9
CIU2013000200000Q,2016,Q01,0.2
CIU2013000200000Q,2015,Q04,0.9
CIU2013000200000Q,2015,Q03,0.6
CIU2013000200000Q,2015,Q02,1.5
CIU2013000200000Q,2015,Q01,0.6
CIU2013000200000Q,2014,Q04,0.3
CIU2013000200000Q,2014,Q03,0.0
CIU2013000200000Q,2014,Q02,1.4
CIU2013000200000Q,2014,Q01,0.3
CIU2013000200000Q,2013,Q04,0.7
CIU2013000200000Q,2013,Q03,0.4
CIU2013000200000Q,2013,Q02,1.0
CIU2013000200000Q,2013,Q01,0.4
CIU2013000200000Q,2012,Q04,0.1
CIU2013000200000Q,2012,Q03,1.0
CIU2013000200000Q,2012,Q02,0.3
CIU2013000200000Q,2012,Q01,1.2
CIU2013000200000Q,2011,Q04,0.4
CIU2013000200000Q,2011,Q03,0.1
CIU2013000200000Q,2011,Q02,0.9
CIU2013000200000Q,2011,Q01,1.3
CIU2013000200000Q,2010,Q04,0.5
CIU2013000200000Q,2010,Q03,1.2
CIU2013000200000Q,2010,Q02,0.8
CIU2013000200000Q,2010,Q01,0.6
CIU2013000400000A,2024,Q04,4.3
CIU2013000400000A,2024,Q03,4.3
CIU2013000400000A,2024,Q02,4.0
CIU2013000400000A,2024,Q01,3.9
CIU2013000400000A,2023,Q04,3.9
CIU2013000400000A,2023,Q03,4.0
CIU2013000400000A,2023,Q02,4.0
CIU2013000400000A,2023,Q01,4.3
CIU2013000400000A,2022,Q04,4.1
CIU2013000400000A,2022,Q03,3.6
CIU2013000400000A,2022,Q02,4.2
CIU2013000400000A,2022,Q01,3.8
CIU2013000400000A,2021,Q04,3.4
CIU2013000400000A,2021,Q03,3.7
CIU2013000400000A,2021,Q02,2.8
CIU2013000400000A,2021,Q01,2.9
CIU2013000400000A,2020,Q04,3.1
CIU2013000400000A,2020,Q03,2.7
CIU2013000400000A,2020,Q02,2.8
CIU2013000400000A,2020,Q01,2.7
CIU2013000400000A,2019,Q04,2.3
CIU2013000400000A,2019,Q03,2.2
CIU2013000400000A,2019,Q02,1.6
CIU2013000400000A,2019,Q01,1.5
CIU2013000400000A,2018,Q04,1.1
CIU2013000400000A,2018,Q03,1.6
CIU2013000400000A,2018,Q02,2.7
CIU2013000400000A,2018,Q01,2.7
CIU2013000400000A,2017,Q04,2.8
CIU2013000400000A,2017,Q03,2.1
CIU2013000400000A,2017,Q02,1.7
CIU2013000400000A,2017,Q01,1.6
CIU2013000400000A,2016,Q04,2.2
CIU2013000400000A,2016,Q03,2.6
CIU2013000400000A,2016,Q02,2.6
CIU2013000400000A,2016,Q01,2.5
CIU2013000400000A,2015,Q04,2.4
CIU2013000400000A,2015,Q03,2.2
CIU2013000400000A,2015,Q02,2.2
CIU2013000400000A,2015,Q01,2.0
CIU2013000400000A,2014,Q04,2.6
CIU2013000400000A,2014,Q03,2.1
CIU2013000400000A,2014,Q02,2.0
CIU2013000400000A,2014,Q01,2.1
CIU2013000400000A,2013,Q04,1.8
CIU2013000400000A,2013,Q03,2.2
CIU2013000400000A,2013,Q02,3.0
CIU2013000400000A,2013,Q01,3.2
CIU2013000400000A,2012,Q04,1.9
CIU2013000400000A,2012,Q03,1.5
CIU2013000400000A,2012,Q02,0.4
CIU2013000400000A,2012,Q01,1.5
CIU2013000400000A,2011,Q04,3.0
CIU2013000400000A,2011,Q03,3.1
CIU2013000400000A,2011,Q02,3.5
CIU2013000400000A,2011,Q01,2.3
CIU2013000400000A,2010,Q04,3.0
CIU2013000400000A,2010,Q03,3.3
CIU2013000400000A,2010,Q02,2.8
CIU2013000400000A,2010,Q01,2.7
CIU2013000400000I,2024,Q04,162.7
CIU2013000400000I,2024,Q03,161.0
CIU2013000400000I,2024,Q02,159.6
CIU2013000400000I,2024,Q01,157.9
CIU2013000400000I,2023,Q04,156.0
CIU2013000400000I,2023,Q03,154.4
CIU2013000400000I,2023,Q02,153.4
CIU2013000400000I,2023,Q01,151.9
CIU2013000400000I,2022,Q04,150.1
CIU2013000400000I,2022,Q03,148.5
CIU2013000400000I,2022,Q02,147.5
CIU2013000400000I,2022,Q01,145.7
CIU2013000400000I,2021,Q04,144.2
CIU2013000400000I,2021,Q03,143.3
CIU2013000400000I,2021,Q02,141.5
CIU2013000400000I,2021,Q01,140.3
CIU2013000400000I,2020,Q04,139.4
CIU2013000400000I,2020,Q03,138.2
CIU2013000400000I,2020,Q02,137.6
CIU2013000400000I,2020,Q01,136.4
CIU2013000400000I,2019,Q04,135.2
CIU2013000400000I,2019,Q03,134.6
CIU2013000400000I,2019,Q02,133.9
CIU2013000400000I,2019,Q01,132.8
CIU2013000400000I,2018,Q04,132.1
CIU2013000400000I,2018,Q03,131.7
CIU2013000400000I,2018,Q02,131.8
CIU2013000400000I,2018,Q01,130.8
CIU2013000400000I,2017,Q04,130.7
CIU2013000400000I,2017,Q03,129.6
CIU2013000400000I,2017,Q02,128.3
CIU2013000400000I,2017,Q01,127.3
CIU2013000400000I,2016,Q04,127.2
CIU2013000400000I,2016,Q03,126.9
CIU2013000400000I,2016,Q02,126.1
CIU2013000400000I,2016,Q01,125.3
CIU2013000400000I,2015,Q04,124.5
CIU2013000400000I,2015,Q03,123.7
CIU2013000400000I,2015,Q02,122.9
CIU2013000400000I,2015,Q01,122.2
CIU2013000400000I,2014,Q04,121.6
CIU2013000400000I,2014,Q03,121.0
CIU2013000400000I,2014,Q02,120.2
CIU2013000400000I,2014,Q01,119.8
CIU2013000400000I,2013,Q04,118.5
CIU2013000400000I,2013,Q03,118.5
CIU2013000400000I,2013,Q02,117.9
CIU2013000400000I,2013,Q01,117.3
CIU2013000400000I,2012,Q04,116.4
CIU2013000400000I,2012,Q03,116.0
CIU2013000400000I,2012,Q02,114.5
CIU2013000400000I,2012,Q01,113.7
CIU2013000400000I,2011,Q04,114.2
CIU2013000400000I,2011,Q03,114.3
CIU2013000400000I,2011,Q02,114.0
CIU2013000400000I,2011,Q01,112.0
CIU2013000400000I,2010,Q04,110.9
CIU2013000400000I,2010,Q03,110.9
CIU2013000400000I,2010,Q02,110.1
CIU2013000400000I,2010,Q01,109.5
CIU2013000400000Q,2024,Q04,1.1
CIU2013000400000Q,2024,Q03,0.9
CIU2013000400000Q,2024,Q02,1.1
CIU2013000400000Q,2024,Q01,1.2
CIU2013000400000Q,2023,Q04,1.0
CIU2013000400000Q,2023,Q03,0.7
CIU2013000400000Q,2023,Q02,1.0
CIU2013000400000Q,2023,Q01,1.2
CIU2013000400000Q,2022,Q04,1.1
CIU2013000400000Q,2022,Q03,0.7
CIU2013000400000Q,2022,Q02,1.2
CIU2013000400000Q,2022,Q01,1.0
CIU2013000400000Q,2021,Q04,0.6
CIU2013000400000Q,2021,Q03,1.3
CIU2013000400000Q,2021,Q02,0.9
CIU2013000400000Q,2021,Q01,0.6
CIU2013000400000Q,2020,Q04,0.9
CIU2013000400000Q,2020,Q03,0.4
CIU2013000400000Q,2020,Q02,0.9
CIU2013000400000Q,2020,Q01,0.9
CIU2013000400000Q,2019,Q04,0.4
CIU2013000400000Q,2019,Q03,0.5
CIU2013000400000Q,2019,Q02,0.8
CIU2013000400000Q,2019,Q01,0.5
CIU2013000400000Q,2018,Q04,0.3
CIU2013000400000Q,2018,Q03,-0.1
CIU2013000400000Q,2018,Q02,0.8
CIU2013000400000Q,2018,Q01,0.1
CIU2013000400000Q,2017,Q04,0.8
CIU2013000400000Q,2017,Q03,1.0
CIU2013000400000Q,2017,Q02,0.8
CIU2013000400000Q,2017,Q01,0.1
CIU2013000400000Q,2016,Q04,0.2
CIU2013000400000Q,2016,Q03,0.6
CIU2013000400000Q,2016,Q02,0.6
CIU2013000400000Q,2016,Q01,0.6
CIU2013000400000Q,2015,Q04,0.6
CIU2013000400000Q,2015,Q03,0.7
CIU2013000400000Q,2015,Q02,0.6
CIU2013000400000Q,2015,Q01,0.5
CIU2013000400000Q,2014,Q04,0.5
CIU2013000400000Q,2014,Q03,0.7
CIU2013000400000Q,2014,Q02,0.3
CIU2013000400000Q,2014,Q01,1.1
CIU2013000400000Q,2013,Q04,0.0
CIU2013000400000Q,2013,Q03,0.5
CIU2013000400000Q,2013,Q02,0.5
CIU2013000400000Q,2013,Q01,0.8
CIU2013000400000Q,2012,Q04,0.3
CIU2013000400000Q,2012,Q03,1.3
CIU2013000400000Q,2012,Q02,0.7
CIU2013000400000Q,2012,Q01,-0.4
CIU2013000400000Q,2011,Q04,-0.1
CIU2013000400000Q,2011,Q03,0.3
CIU2013000400000Q,2011,Q02,1.8
CIU2013000400000Q,2011,Q01,1.0
CIU2013000400000Q,2010,Q04,0.0
CIU2013000400000Q,2010,Q03,0.7
CIU2013000400000Q,2010,Q02,0.5
CIU2013000400000Q,2010,Q01,1.7
CIU2013000500000A,2024,Q04,4.0
CIU2013000500000A,2024,Q03,4.3
CIU2013000500000A,2024,Q02,4.2
CIU2013000500000A,2024,Q01,4.1
CIU2013000500000A,2023,Q04,3.9
CIU2013000500000A,2023,Q03,3.8
CIU2013000500000A,2023,Q02,4.4
CIU2013000500000A,2023,Q01,4.7
CIU2013000500000A,2022,Q04,5.4
CIU2013000500000A,2022,Q03,5.5
CIU2013000500000A,2022,Q02,5.7
CIU2013000500000A,2022,Q01,5.6
CIU2013000500000A,2021,Q04,4.5
CIU2013000500000A,2021,Q03,4.3
CIU2013000500000A,2021,Q02,3.4
CIU2013000500000A,2021,Q01,3.0
CIU2013000500000A,2020,Q04,3.0
CIU2013000500000A,2020,Q03,3.0
CIU2013000500000A,2020,Q02,3.2
CIU2013000500000A,2020,Q01,2.9
CIU2013000500000A,2019,Q04,3.1
CIU2013000500000A,2019,Q03,2.9
CIU2013000500000A,2019,Q02,2.5
CIU2013000500000A,2019,Q01,2.3
CIU2013000500000A,2018,Q04,1.9
CIU2013000500000A,2018,Q03,1.8
CIU2013000500000A,2018,Q02,2.8
CIU2013000500000A,2018,Q01,2.9
CIU2013000500000A,2017,Q04,2.8
CIU2013000500000A,2017,Q03,2.9
CIU2013000500000A,2017,Q02,2.4
CIU2013000500000A,2017,Q01,2.4
CIU2013000500000A,2016,Q04,2.4
CIU2013000500000A,2016,Q03,2.6
CIU2013000500000A,2016,Q02,2.5
CIU2013000500000A,2016,Q01,2.3
CIU2013000500000A,2015,Q04,2.5
CIU2013000500000A,2015,Q03,2.3
CIU2013000500000A,2015,Q02,2.3
CIU2013000500000A,2015,Q01,2.2
CIU2013000500000A,2014,Q04,2.2
CIU2013000500000A,2014,Q03,2.1
CIU2013000500000A,2014,Q02,1.7
CIU2013000500000A,2014,Q01,1.8
CIU2013000500000A,2013,Q04,1.6
CIU2013000500000A,2013,Q03,1.4
CIU2013000500000A,2013,Q02,1.7
CIU2013000500000A,2013,Q01,1.9
CIU2013000500000A,2012,Q04,1.0
CIU2013000500000A,2012,Q03,1.2
CIU2013000500000A,2012,Q02,0.9
CIU2013000500000A,2012,Q01,1.5
CIU2013000500000A,2011,Q04,2.6
CIU2013000500000A,2011,Q03,2.4
CIU2013000500000A,2011,Q02,2.9
CIU2013000500000A,2011,Q01,2.1
CIU2013000500000A,2010,Q04,2.6
CIU2013000500000A,2010,Q03,2.6
CIU2013000500000A,2010,Q02,2.2
CIU2013000500000A,2010,Q01,2.2
CIU2013000500000I,2024,Q04,165.4
CIU2013000500000I,2024,Q03,164.2
CIU2013000500000I,2024,Q02,163.1
CIU2013000500000I,2024,Q01,161.2
CIU2013000500000I,2023,Q04,159.0
CIU2013000500000I,2023,Q03,157.4
CIU2013000500000I,2023,Q02,156.5
CIU2013000500000I,2023,Q01,154.9
CIU2013000500000I,2022,Q04,153.0
CIU2013000500000I,2022,Q03,151.7
CIU2013000500000I,2022,Q02,149.9
CIU2013000500000I,2022,Q01,147.9
CIU2013000500000I,2021,Q04,145.2
CIU2013000500000I,2021,Q03,143.8
CIU2013000500000I,2021,Q02,141.8
CIU2013000500000I,2021,Q01,140.1
CIU2013000500000I,2020,Q04,138.9
CIU2013000500000I,2020,Q03,137.9
CIU2013000500000I,2020,Q02,137.2
CIU2013000500000I,2020,Q01,136.0
CIU2013000500000I,2019,Q04,134.9
CIU2013000500000I,2019,Q03,133.9
CIU2013000500000I,2019,Q02,133.0
CIU2013000500000I,2019,Q01,132.2
CIU2013000500000I,2018,Q04,130.8
CIU2013000500000I,2018,Q03,130.1
CIU2013000500000I,2018,Q02,129.8
CIU2013000500000I,2018,Q01,129.2
CIU2013000500000I,2017,Q04,128.3
CIU2013000500000I,2017,Q03,127.8
CIU2013000500000I,2017,Q02,126.3
CIU2013000500000I,2017,Q01,125.6
CIU2013000500000I,2016,Q04,124.8
CIU2013000500000I,2016,Q03,124.2
CIU2013000500000I,2016,Q02,123.4
CIU2013000500000I,2016,Q01,122.7
CIU2013000500000I,2015,Q04,121.9
CIU2013000500000I,2015,Q03,121.0
CIU2013000500000I,2015,Q02,120.4
CIU2013000500000I,2015,Q01,119.9
CIU2013000500000I,2014,Q04,118.9
CIU2013000500000I,2014,Q03,118.3
CIU2013000500000I,2014,Q02,117.7
CIU2013000500000I,2014,Q01,117.3
CIU2013000500000I,2013,Q04,116.3
CIU2013000500000I,2013,Q03,115.9
CIU2013000500000I,2013,Q02,115.7
CIU2013000500000I,2013,Q01,115.2
CIU2013000500000I,2012,Q04,114.5
CIU2013000500000I,2012,Q03,114.3
CIU2013000500000I,2012,Q02,113.8
CIU2013000500000I,2012,Q01,113.1
CIU2013000500000I,2011,Q04,113.4
CIU2013000500000I,2011,Q03,112.9
CIU2013000500000I,2011,Q02,112.8
CIU2013000500000I,2011,Q01,111.4
CIU2013000500000I,2010,Q04,110.5
CIU2013000500000I,2010,Q03,110.3
CIU2013000500000I,2010,Q02,109.6
CIU2013000500000I,2010,Q01,109.1
CIU2013000500000Q,2024,Q04,0.7
CIU2013000500000Q,2024,Q03,0.7
CIU2013000500000Q,2024,Q02,1.2
CIU2013000500000Q,2024,Q01,1.4
CIU2013000500000Q,2023,Q04,1.0
CIU2013000500000Q,2023,Q03,0.6
CIU2013000500000Q,2023,Q02,1.0
CIU2013000500000Q,2023,Q01,1.2
CIU2013000500000Q,2022,Q04,0.9
CIU2013000500000Q,2022,Q03,1.2
CIU2013000500000Q,2022,Q02,1.4
CIU2013000500000Q,2022,Q01,1.9
CIU2013000500000Q,2021,Q04,1.0
CIU2013000500000Q,2021,Q03,1.4
CIU2013000500000Q,2021,Q02,1.2
CIU2013000500000Q,2021,Q01,0.9
CIU2013000500000Q,2020,Q04,0.7
CIU2013000500000Q,2020,Q03,0.5
CIU2013000500000Q,2020,Q02,0.9
CIU2013000500000Q,2020,Q01,0.8
CIU2013000500000Q,2019,Q04,0.7
CIU2013000500000Q,2019,Q03,0.7
CIU2013000500000Q,2019,Q02,0.6
CIU2013000500000Q,2019,Q01,1.1
CIU2013000500000Q,2018,Q04,0.5
CIU2013000500000Q,2018,Q03,0.2
CIU2013000500000Q,2018,Q02,0.5
CIU2013000500000Q,2018,Q01,0.7
CIU2013000500000Q,2017,Q04,0.4
CIU2013000500000Q,2017,Q03,1.2
CIU2013000500000Q,2017,Q02,0.6
CIU2013000500000Q,2017,Q01,0.6
CIU2013000500000Q,2016,Q04,0.5
CIU2013000500000Q,2016,Q03,0.6
CIU2013000500000Q,2016,Q02,0.6
CIU2013000500000Q,2016,Q01,0.7
CIU2013000500000Q,2015,Q04,0.7
CIU2013000500000Q,2015,Q03,0.5
CIU2013000500000Q,2015,Q02,0.4
CIU2013000500000Q,2015,Q01,0.8
CIU2013000500000Q,2014,Q04,0.5
CIU2013000500000Q,2014,Q03,0.5
CIU2013000500000Q,2014,Q02,0.3
CIU2013000500000Q,2014,Q01,0.9
CIU2013000500000Q,2013,Q04,0.3
CIU2013000500000Q,2013,Q03,0.2
CIU2013000500000Q,2013,Q02,0.4
CIU2013000500000Q,2013,Q01,0.6
CIU2013000500000Q,2012,Q04,0.2
CIU2013000500000Q,2012,Q03,0.4
CIU2013000500000Q,2012,Q02,0.6
CIU2013000500000Q,2012,Q01,-0.3
CIU2013000500000Q,2011,Q04,0.4
CIU2013000500000Q,2011,Q03,0.1
CIU2013000500000Q,2011,Q02,1.3
CIU2013000500000Q,2011,Q01,0.8
CIU2013000500000Q,2010,Q04,0.2
CIU2013000500000Q,2010,Q03,0.6
CIU2013000500000Q,2010,Q02,0.5
CIU2013000500000Q,2010,Q01,1.3
CIU2014000000000A,2024,Q04,3.3
CIU2014000000000A,2024,Q03,4.1
CIU2014000000000A,2024,Q02,4.3
CIU2014000000000A,2024,Q01,4.4
CIU2014000000000A,2023,Q04,4.6
CIU2014000000000A,2023,Q03,4.3
CIU2014000000000A,2023,Q02,4.3
CIU2014000000000A,2023,Q01,4.4
CIU2014000000000A,2022,Q04,4.9
CIU2014000000000A,2022,Q03,5.8
CIU2014000000000A,2022,Q02,6.3
CIU2014000000000A,2022,Q01,5.9
CIU2014000000000A,2021,Q04,5.2
CIU2014000000000A,2021,Q03,4.4
CIU2014000000000A,2021,Q02,3.5
CIU2014000000000A,2021,Q01,3.2
CIU2014000000000A,2020,Q04,3.1
CIU2014000000000A,2020,Q03,2.6
CIU2014000000000A,2020,Q02,2.9
CIU2014000000000A,2020,Q01,2.7
CIU2014000000000A,2019,Q04,2.9
CIU2014000000000A,2019,Q03,2.6
CIU2014000000000A,2019,Q02,3.1
CIU2014000000000A,2019,Q01,3.3
CIU2014000000000A,2018,Q04,3.4
CIU2014000000000A,2018,Q03,3.5
CIU2014000000000A,2018,Q02,3.1
CIU2014000000000A,2018,Q01,3.0
CIU2014000000000A,2017,Q04,3.0
CIU2014000000000A,2017,Q03,2.9
CIU2014000000000A,2017,Q02,2.4
CIU2014000000000A,2017,Q01,2.7
CIU2014000000000A,2016,Q04,2.8
CIU2014000000000A,2016,Q03,2.4
CIU2014000000000A,2016,Q02,3.0
CIU2014000000000A,2016,Q01,2.8
CIU2014000000000A,2015,Q04,2.0
CIU2014000000000A,2015,Q03,2.4
CIU2014000000000A,2015,Q02,2.4
CIU2014000000000A,2015,Q01,2.7
CIU2014000000000A,2014,Q04,2.6
CIU2014000000000A,2014,Q03,3.0
CIU2014000000000A,2014,Q02,2.5
CIU2014000000000A,2014,Q01,2.3
CIU2014000000000A,2013,Q04,2.7
CIU2014000000000A,2013,Q03,2.1
CIU2014000000000A,2013,Q02,1.9
CIU2014000000000A,2013,Q01,1.8
CIU2014000000000A,2012,Q04,2.0
CIU2014000000000A,2012,Q03,2.2
CIU2014000000000A,2012,Q02,2.5
CIU2014000000000A,2012,Q01,2.9
CIU2014000000000A,2011,Q04,2.4
CIU2014000000000A,2011,Q03,2.4
CIU2014000000000A,2011,Q02,2.1
CIU2014000000000A,2011,Q01,1.9
CIU2014000000000A,2010,Q04,2.4
CIU2014000000000A,2010,Q03,2.3
CIU2014000000000A,2010,Q02,2.6
CIU2014000000000A,2010,Q01,1.9
CIU2014000000000I,2024,Q04,173.1
CIU2014000000000I,2024,Q03,172.4
CIU2014000000000I,2024,Q02,171.5
CIU2014000000000I,2024,Q01,169.4
CIU2014000000000I,2023,Q04,167.5
CIU2014000000000I,2023,Q03,165.6
CIU2014000000000I,2023,Q02,164.4
CIU2014000000000I,2023,Q01,162.2
CIU2014000000000I,2022,Q04,160.1
CIU2014000000000I,2022,Q03,158.8
CIU2014000000000I,2022,Q02,157.6
CIU2014000000000I,2022,Q01,155.3
CIU2014000000000I,2021,Q04,152.6
CIU2014000000000I,2021,Q03,150.1
CIU2014000000000I,2021,Q02,148.3
CIU2014000000000I,2021,Q01,146.7
CIU2014000000000I,2020,Q04,145.1
CIU2014000000000I,2020,Q03,143.8
CIU2014000000000I,2020,Q02,143.3
CIU2014000000000I,2020,Q01,142.2
CIU2014000000000I,2019,Q04,140.7
CIU2014000000000I,2019,Q03,140.1
CIU2014000000000I,2019,Q02,139.2
CIU2014000000000I,2019,Q01,138.4
CIU2014000000000I,2018,Q04,136.8
CIU2014000000000I,2018,Q03,136.5
CIU2014000000000I,2018,Q02,135.0
CIU2014000000000I,2018,Q01,134.0
CIU2014000000000I,2017,Q04,132.3
CIU2014000000000I,2017,Q03,131.9
CIU2014000000000I,2017,Q02,130.9
CIU2014000000000I,2017,Q01,130.1
CIU2014000000000I,2016,Q04,128.5
CIU2014000000000I,2016,Q03,128.2
CIU2014000000000I,2016,Q02,127.8
CIU2014000000000I,2016,Q01,126.7
CIU2014000000000I,2015,Q04,125.0
CIU2014000000000I,2015,Q03,125.2
CIU2014000000000I,2015,Q02,124.1
CIU2014000000000I,2015,Q01,123.2
CIU2014000000000I,2014,Q04,122.6
CIU2014000000000I,2014,Q03,122.3
CIU2014000000000I,2014,Q02,121.2
CIU2014000000000I,2014,Q01,120.0
CIU2014000000000I,2013,Q04,119.5
CIU2014000000000I,2013,Q03,118.7
CIU2014000000000I,2013,Q02,118.2
CIU2014000000000I,2013,Q01,117.3
CIU2014000000000I,2012,Q04,116.4
CIU2014000000000I,2012,Q03,116.3
CIU2014000000000I,2012,Q02,116.0
CIU2014000000000I,2012,Q01,115.2
CIU2014000000000I,2011,Q04,114.1
CIU2014000000000I,2011,Q03,113.8
CIU2014000000000I,2011,Q02,113.2
CIU2014000000000I,2011,Q01,112.0
CIU2014000000000I,2010,Q04,111.4
CIU2014000000000I,2010,Q03,111.1
CIU2014000000000I,2010,Q02,110.9
CIU2014000000000I,2010,Q01,109.9
CIU2014000000000Q,2024,Q04,0.4
CIU2014000000000Q,2024,Q03,0.5
CIU2014000000000Q,2024,Q02,1.2
CIU2014000000000Q,2024,Q01,1.1
CIU2014000000000Q,2023,Q04,1.1
CIU2014000000000Q,2023,Q03,0.7
CIU2014000000000Q,2023,Q02,1.4
CIU2014000000000Q,2023,Q01,1.3
CIU2014000000000Q,2022,Q04,0.8
CIU2014000000000Q,2022,Q03,0.8
CIU2014000000000Q,2022,Q02,1.5
CIU2014000000000Q,2022,Q01,1.8
CIU2014000000000Q,2021,Q04,1.7
CIU2014000000000Q,2021,Q03,1.2
CIU2014000000000Q,2021,Q02,1.1
CIU2014000000000Q,2021,Q01,1.1
CIU2014000000000Q,2020,Q04,0.9
CIU2014000000000Q,2020,Q03,0.3
CIU2014000000000Q,2020,Q02,0.8
CIU2014000000000Q,2020,Q01,1.1
CIU2014000000000Q,2019,Q04,0.4
CIU2014000000000Q,2019,Q03,0.6
CIU2014000000000Q,2019,Q02,0.6
CIU2014000000000Q,2019,Q01,1.2
CIU2014000000000Q,2018,Q04,0.2
CIU2014000000000Q,2018,Q03,1.1
CIU2014000000000Q,2018,Q02,0.7
CIU2014000000000Q,2018,Q01,1.3
CIU2014000000000Q,2017,Q04,0.3
CIU2014000000000Q,2017,Q03,0.8
CIU2014000000000Q,2017,Q02,0.6
CIU2014000000000Q,2017,Q01,1.2
CIU2014000000000Q,2016,Q04,0.2
CIU2014000000000Q,2016,Q03,0.3
CIU2014000000000Q,2016,Q02,0.9
CIU2014000000000Q,2016,Q01,1.4
CIU2014000000000Q,2015,Q04,-0.2
CIU2014000000000Q,2015,Q03,0.9
CIU2014000000000Q,2015,Q02,0.7
CIU2014000000000Q,2015,Q01,0.5
CIU2014000000000Q,2014,Q04,0.2
CIU2014000000000Q,2014,Q03,0.9
CIU2014000000000Q,2014,Q02,1.0
CIU2014000000000Q,2014,Q01,0.4
CIU2014000000000Q,2013,Q04,0.7
CIU2014000000000Q,2013,Q03,0.4
CIU2014000000000Q,2013,Q02,0.8
CIU2014000000000Q,2013,Q01,0.8
CIU2014000000000Q,2012,Q04,0.1
CIU2014000000000Q,2012,Q03,0.3
CIU2014000000000Q,2012,Q02,0.7
CIU2014000000000Q,2012,Q01,1.0
CIU2014000000000Q,2011,Q04,0.3
CIU2014000000000Q,2011,Q03,0.5
CIU2014000000000Q,2011,Q02,1.1
CIU2014000000000Q,2011,Q01,0.5
CIU2014000000000Q,2010,Q04,0.3
CIU2014000000000Q,2010,Q03,0.2
CIU2014000000000Q,2010,Q02,0.9
CIU2014000000000Q,2010,Q01,1.0
CIU2016000000000A,2024,Q04,4.0
CIU2016000000000A,2024,Q03,4.4
CIU2016000000000A,2024,Q02,4.5
CIU2016000000000A,2024,Q01,4.5
CIU2016000000000A,2023,Q04,4.5
CIU2016000000000A,2023,Q03,4.9
CIU2016000000000A,2023,Q02,4.9
CIU2016000000000A,2023,Q01,5.3
CIU2016000000000A,2022,Q04,5.5
CIU2016000000000A,2022,Q03,5.5
CIU2016000000000A,2022,Q02,5.6
CIU2016000000000A,2022,Q01,5.0
CIU2016000000000A,2021,Q04,4.2
CIU2016000000000A,2021,Q03,3.4
CIU2016000000000A,2021,Q02,3.0
CIU2016000000000A,2021,Q01,2.2
CIU2016000000000A,2020,Q04,2.2
CIU2016000000000A,2020,Q03,2.1
CIU2016000000000A,2020,Q02,1.9
CIU2016000000000A,2020,Q01,2.7
CIU2016000000000A,2019,Q04,2.3
CIU2016000000000A,2019,Q03,2.5
CIU2016000000000A,2019,Q02,2.6
CIU2016000000000A,2019,Q01,2.5
CIU2016000000000A,2018,Q04,2.8
CIU2016000000000A,2018,Q03,2.9
CIU2016000000000A,2018,Q02,2.2
CIU2016000000000A,2018,Q01,2.3
CIU2016000000000A,2017,Q04,2.0
CIU2016000000000A,2017,Q03,1.9
CIU2016000000000A,2017,Q02,2.1
CIU2016000000000A,2017,Q01,2.1
CIU2016000000000A,2016,Q04,1.9
CIU2016000000000A,2016,Q03,1.8
CIU2016000000000A,2016,Q02,1.9
CIU2016000000000A,2016,Q01,1.7
CIU2016000000000A,2015,Q04,1.7
CIU2016000000000A,2015,Q03,1.9
CIU2016000000000A,2015,Q02,1.9
CIU2016000000000A,2015,Q01,2.0
CIU2016000000000A,2014,Q04,1.7
CIU2016000000000A,2014,Q03,1.7
CIU2016000000000A,2014,Q02,1.8
CIU2016000000000A,2014,Q01,1.7
CIU2016000000000A,2013,Q04,1.9
CIU2016000000000A,2013,Q03,1.7
CIU2016000000000A,2013,Q02,1.6
CIU2016000000000A,2013,Q01,1.5
CIU2016000000000A,2012,Q04,2.1
CIU2016000000000A,2012,Q03,2.2
CIU2016000000000A,2012,Q02,2.2
CIU2016000000000A,2012,Q01,2.2
CIU2016000000000A,2011,Q04,1.6
CIU2016000000000A,2011,Q03,1.5
CIU2016000000000A,2011,Q02,1.6
CIU2016000000000A,2011,Q01,1.6
CIU2016000000000A,2010,Q04,1.7
CIU2016000000000A,2010,Q03,1.5
CIU2016000000000A,2010,Q02,1.6
CIU2016000000000A,2010,Q01,1.6
CIU2016000000000I,2024,Q04,167.6
CIU2016000000000I,2024,Q03,166.7
CIU2016000000000I,2024,Q02,164.6
CIU2016000000000I,2024,Q01,163.1
CIU2016000000000I,2023,Q04,161.1
CIU2016000000000I,2023,Q03,159.7
CIU2016000000000I,2023,Q02,157.5
CIU2016000000000I,2023,Q01,156.1
CIU2016000000000I,2022,Q04,154.1
CIU2016000000000I,2022,Q03,152.2
CIU2016000000000I,2022,Q02,150.1
CIU2016000000000I,2022,Q01,148.3
CIU2016000000000I,2021,Q04,146.1
CIU2016000000000I,2021,Q03,144.2
CIU2016000000000I,2021,Q02,142.2
CIU2016000000000I,2021,Q01,141.3
CIU2016000000000I,2020,Q04,140.2
CIU2016000000000I,2020,Q03,139.5
CIU2016000000000I,2020,Q02,138.1
CIU2016000000000I,2020,Q01,138.3
CIU2016000000000I,2019,Q04,137.2
CIU2016000000000I,2019,Q03,136.6
CIU2016000000000I,2019,Q02,135.5
CIU2016000000000I,2019,Q01,134.7
CIU2016000000000I,2018,Q04,134.1
CIU2016000000000I,2018,Q03,133.3
CIU2016000000000I,2018,Q02,132.1
CIU2016000000000I,2018,Q01,131.4
CIU2016000000000I,2017,Q04,130.4
CIU2016000000000I,2017,Q03,129.6
CIU2016000000000I,2017,Q02,129.2
CIU2016000000000I,2017,Q01,128.5
CIU2016000000000I,2016,Q04,127.8
CIU2016000000000I,2016,Q03,127.2
CIU2016000000000I,2016,Q02,126.6
CIU2016000000000I,2016,Q01,125.9
CIU2016000000000I,2015,Q04,125.4
CIU2016000000000I,2015,Q03,124.9
CIU2016000000000I,2015,Q02,124.3
CIU2016000000000I,2015,Q01,123.8
CIU2016000000000I,2014,Q04,123.3
CIU2016000000000I,2014,Q03,122.6
CIU2016000000000I,2014,Q02,122.0
CIU2016000000000I,2014,Q01,121.4
CIU2016000000000I,2013,Q04,121.2
CIU2016000000000I,2013,Q03,120.6
CIU2016000000000I,2013,Q02,119.9
CIU2016000000000I,2013,Q01,119.4
CIU2016000000000I,2012,Q04,118.9
CIU2016000000000I,2012,Q03,118.6
CIU2016000000000I,2012,Q02,118.0
CIU2016000000000I,2012,Q01,117.6
CIU2016000000000I,2011,Q04,116.5
CIU2016000000000I,2011,Q03,116.0
CIU2016000000000I,2011,Q02,115.5
CIU2016000000000I,2011,Q01,115.1
CIU2016000000000I,2010,Q04,114.7
CIU2016000000000I,2010,Q03,114.3
CIU2016000000000I,2010,Q02,113.7
CIU2016000000000I,2010,Q01,113.3
CIU2016000000000Q,2024,Q04,0.5
CIU2016000000000Q,2024,Q03,1.3
CIU2016000000000Q,2024,Q02,0.9
CIU2016000000000Q,2024,Q01,1.2
CIU2016000000000Q,2023,Q04,0.9
CIU2016000000000Q,2023,Q03,1.4
CIU2016000000000Q,2023,Q02,0.9
CIU2016000000000Q,2023,Q01,1.3
CIU2016000000000Q,2022,Q04,1.2
CIU2016000000000Q,2022,Q03,1.4
CIU2016000000000Q,2022,Q02,1.2
CIU2016000000000Q,2022,Q01,1.5
CIU2016000000000Q,2021,Q04,1.3
CIU2016000000000Q,2021,Q03,1.4
CIU2016000000000Q,2021,Q02,0.6
CIU2016000000000Q,2021,Q01,0.8
CIU2016000000000Q,2020,Q04,0.5
CIU2016000000000Q,2020,Q03,1.0
CIU2016000000000Q,2020,Q02,-0.1
CIU2016000000000Q,2020,Q01,0.8
CIU2016000000000Q,2019,Q04,0.4
CIU2016000000000Q,2019,Q03,0.8
CIU2016000000000Q,2019,Q02,0.6
CIU2016000000000Q,2019,Q01,0.4
CIU2016000000000Q,2018,Q04,0.6
CIU2016000000000Q,2018,Q03,0.9
CIU2016000000000Q,2018,Q02,0.5
CIU2016000000000Q,2018,Q01,0.8
CIU2016000000000Q,2017,Q04,0.6
CIU2016000000000Q,2017,Q03,0.3
CIU2016000000000Q,2017,Q02,0.5
CIU2016000000000Q,2017,Q01,0.5
CIU2016000000000Q,2016,Q04,0.5
CIU2016000000000Q,2016,Q03,0.5
CIU2016000000000Q,2016,Q02,0.6
CIU2016000000000Q,2016,Q01,0.4
CIU2016000000000Q,2015,Q04,0.4
CIU2016000000000Q,2015,Q03,0.5
CIU2016000000000Q,2015,Q02,0.4
CIU2016000000000Q,2015,Q01,0.4
CIU2016000000000Q,2014,Q04,0.6
CIU2016000000000Q,2014,Q03,0.5
CIU2016000000000Q,2014,Q02,0.5
CIU2016000000000Q,2014,Q01,0.2
CIU2016000000000Q,2013,Q04,0.5
CIU2016000000000Q,2013,Q03,0.6
CIU2016000000000Q,2013,Q02,0.4
CIU2016000000000Q,2013,Q01,0.4
CIU2016000000000Q,2012,Q04,0.3
CIU2016000000000Q,2012,Q03,0.5
CIU2016000000000Q,2012,Q02,0.3
CIU2016000000000Q,2012,Q01,0.9
CIU2016000000000Q,2011,Q04,0.4
CIU2016000000000Q,2011,Q03,0.4
CIU2016000000000Q,2011,Q02,0.3
CIU2016000000000Q,2011,Q01,0.3
CIU2016000000000Q,2010,Q04,0.3
CIU2016000000000Q,2010,Q03,0.5
CIU2016000000000Q,2010,Q02,0.4
CIU2016000000000Q,2010,Q01,0.4
CIU2017000000000A,2024,Q04,3.6
CIU2017000000000A,2024,Q03,3.4
CIU2017000000000A,2024,Q02,3.6
CIU2017000000000A,2024,Q01,3.2
CIU2017000000000A,2023,Q04,4.0
CIU2017000000000A,2023,Q03,4.4
CIU2017000000000A,2023,Q02,5.4
CIU2017000000000A,2023,Q01,5.9
CIU2017000000000A,2022,Q04,6.4
CIU2017000000000A,2022,Q03,7.2
CIU2017000000000A,2022,Q02,7.8
CIU2017000000000A,2022,Q01,8.4
CIU2017000000000A,2021,Q04,8.0
CIU2017000000000A,2021,Q03,6.9
CIU2017000000000A,2021,Q02,5.5
CIU2017000000000A,2021,Q01,3.9
CIU2017000000000A,2020,Q04,3.4
CIU2017000000000A,2020,Q03,4.1
CIU2017000000000A,2020,Q02,3.6
CIU2017000000000A,2020,Q01,3.6
CIU2017000000000A,2019,Q04,3.2
CIU2017000000000A,2019,Q03,3.3
CIU2017000000000A,2019,Q02,3.6
CIU2017000000000A,2019,Q01,3.3
CIU2017000000000A,2018,Q04,4.1
CIU2017000000000A,2018,Q03,3.4
CIU2017000000000A,2018,Q02,3.1
CIU2017000000000A,2018,Q01,3.2
CIU2017000000000A,2017,Q04,3.6
CIU2017000000000A,2017,Q03,3.4
CIU2017000000000A,2017,Q02,3.9
CIU2017000000000A,2017,Q01,4.3
CIU2017000000000A,2016,Q04,3.3
CIU2017000000000A,2016,Q03,3.6
CIU2017000000000A,2016,Q02,2.6
CIU2017000000000A,2016,Q01,2.2
CIU2017000000000A,2015,Q04,1.8
CIU2017000000000A,2015,Q03,1.5
CIU2017000000000A,2015,Q02,2.4
CIU2017000000000A,2015,Q01,2.0
CIU2017000000000A,2014,Q04,1.7
CIU2017000000000A,2014,Q03,1.6
CIU2017000000000A,2014,Q02,1.1
CIU2017000000000A,2014,Q01,1.3
CIU2017000000000A,2013,Q04,0.9
CIU2017000000000A,2013,Q03,1.1
CIU2017000000000A,2013,Q02,0.8
CIU2017000000000A,2013,Q01,0.9
CIU2017000000000A,2012,Q04,1.1
CIU2017000000000A,2012,Q03,0.8
CIU2017000000000A,2012,Q02,1.2
CIU2017000000000A,2012,Q01,1.0
CIU2017000000000A,2011,Q04,1.0
CIU2017000000000A,2011,Q03,1.1
CIU2017000000000A,2011,Q02,1.1
CIU2017000000000A,2011,Q01,1.0
CIU2017000000000A,2010,Q04,1.2
CIU2017000000000A,2010,Q03,1.1
CIU2017000000000A,2010,Q02,1.2
CIU2017000000000A,2010,Q01,1.1
CIU2017000000000I,2024,Q04,179.2
CIU2017000000000I,2024,Q03,178.4
CIU2017000000000I,2024,Q02,177.2
CIU2017000000000I,2024,Q01,174.7
CIU2017000000000I,2023,Q04,173.0
CIU2017000000000I,2023,Q03,172.5
CIU2017000000000I,2023,Q02,171.1
CIU2017000000000I,2023,Q01,169.3
CIU2017000000000I,2022,Q04,166.3
CIU2017000000000I,2022,Q03,165.2
CIU2017000000000I,2022,Q02,162.4
CIU2017000000000I,2022,Q01,159.8
CIU2017000000000I,2021,Q04,156.3
CIU2017000000000I,2021,Q03,154.1
CIU2017000000000I,2021,Q02,150.6
CIU2017000000000I,2021,Q01,147.4
CIU2017000000000I,2020,Q04,144.7
CIU2017000000000I,2020,Q03,144.1
CIU2017000000000I,2020,Q02,142.8
CIU2017000000000I,2020,Q01,141.9
CIU2017000000000I,2019,Q04,140.0
CIU2017000000000I,2019,Q03,138.4
CIU2017000000000I,2019,Q02,137.8
CIU2017000000000I,2019,Q01,137.0
CIU2017000000000I,2018,Q04,135.7
CIU2017000000000I,2018,Q03,134.0
CIU2017000000000I,2018,Q02,133.0
CIU2017000000000I,2018,Q01,132.6
CIU2017000000000I,2017,Q04,130.3
CIU2017000000000I,2017,Q03,129.6
CIU2017000000000I,2017,Q02,129.0
CIU2017000000000I,2017,Q01,128.5
CIU2017000000000I,2016,Q04,125.8
CIU2017000000000I,2016,Q03,125.3
CIU2017000000000I,2016,Q02,124.2
CIU2017000000000I,2016,Q01,123.2
CIU2017000000000I,2015,Q04,121.8
CIU2017000000000I,2015,Q03,121.0
CIU2017000000000I,2015,Q02,121.0
CIU2017000000000I,2015,Q01,120.5
CIU2017000000000I,2014,Q04,119.6
CIU2017000000000I,2014,Q03,119.2
CIU2017000000000I,2014,Q02,118.2
CIU2017000000000I,2014,Q01,118.1
CIU2017000000000I,2013,Q04,117.6
CIU2017000000000I,2013,Q03,117.3
CIU2017000000000I,2013,Q02,116.9
CIU2017000000000I,2013,Q01,116.6
CIU2017000000000I,2012,Q04,116.5
CIU2017000000000I,2012,Q03,116.0
CIU2017000000000I,2012,Q02,116.0
CIU2017000000000I,2012,Q01,115.6
CIU2017000000000I,2011,Q04,115.2
CIU2017000000000I,2011,Q03,115.1
CIU2017000000000I,2011,Q02,114.6
CIU2017000000000I,2011,Q01,114.5
CIU2017000000000I,2010,Q04,114.1
CIU2017000000000I,2010,Q03,113.9
CIU2017000000000I,2010,Q02,113.4
CIU2017000000000I,2010,Q01,113.4
CIU2017000000000Q,2024,Q04,0.4
CIU2017000000000Q,2024,Q03,0.7
CIU2017000000000Q,2024,Q02,1.4
CIU2017000000000Q,2024,Q01,1.0
CIU2017000000000Q,2023,Q04,0.3
CIU2017000000000Q,2023,Q03,0.8
CIU2017000000000Q,2023,Q02,1.1
CIU2017000000000Q,2023,Q01,1.8
CIU2017000000000Q,2022,Q04,0.7
CIU2017000000000Q,2022,Q03,1.7
CIU2017000000000Q,2022,Q02,1.6
CIU2017000000000Q,2022,Q01,2.2
CIU2017000000000Q,2021,Q04,1.4
CIU2017000000000Q,2021,Q03,2.3
CIU2017000000000Q,2021,Q02,2.2
CIU2017000000000Q,2021,Q01,1.9
CIU2017000000000Q,2020,Q04,0.4
CIU2017000000000Q,2020,Q03,0.9
CIU2017000000000Q,2020,Q02,0.6
CIU2017000000000Q,2020,Q01,1.4
CIU2017000000000Q,2019,Q04,1.2
CIU2017000000000Q,2019,Q03,0.4
CIU2017000000000Q,2019,Q02,0.6
CIU2017000000000Q,2019,Q01,1.0
CIU2017000000000Q,2018,Q04,1.3
CIU2017000000000Q,2018,Q03,0.8
CIU2017000000000Q,2018,Q02,0.3
CIU2017000000000Q,2018,Q01,1.8
CIU2017000000000Q,2017,Q04,0.5
CIU2017000000000Q,2017,Q03,0.5
CIU2017000000000Q,2017,Q02,0.4
CIU2017000000000Q,2017,Q01,2.1
CIU2017000000000Q,2016,Q04,0.4
CIU2017000000000Q,2016,Q03,0.9
CIU2017000000000Q,2016,Q02,0.8
CIU2017000000000Q,2016,Q01,1.1
CIU2017000000000Q,2015,Q04,0.7
CIU2017000000000Q,2015,Q03,0.0
CIU2017000000000Q,2015,Q02,0.4
CIU2017000000000Q,2015,Q01,0.8
CIU2017000000000Q,2014,Q04,0.3
CIU2017000000000Q,2014,Q03,0.8
CIU2017000000000Q,2014,Q02,0.1
CIU2017000000000Q,2014,Q01,0.4
CIU2017000000000Q,2013,Q04,0.3
CIU2017000000000Q,2013,Q03,0.3
CIU2017000000000Q,2013,Q02,0.3
CIU2017000000000Q,2013,Q01,0.1
CIU2017000000000Q,2012,Q04,0.4
CIU2017000000000Q,2012,Q03,0.0
CIU2017000000000Q,2012,Q02,0.3
CIU2017000000000Q,2012,Q01,0.3
CIU2017000000000Q,2011,Q04,0.1
CIU2017000000000Q,2011,Q03,0.4
CIU2017000000000Q,2011,Q02,0.1
CIU2017000000000Q,2011,Q01,0.4
CIU2017000000000Q,2010,Q04,0.2
CIU2017000000000Q,2010,Q03,0.4
CIU2017000000000Q,2010,Q02,0.0
CIU2017000000000Q,2010,Q01,0.6
CIU2020000000000A,2024,Q04,3.7
CIU2020000000000A,2024,Q03,3.8
CIU2020000000000A,2024,Q02,4.1
CIU2020000000000A,2024,Q01,4.3
CIU2020000000000A,2023,Q04,4.3
CIU2020000000000A,2023,Q03,4.5
CIU2020000000000A,2023,Q02,4.6
CIU2020000000000A,2023,Q01,5.1
CIU2020000000000A,2022,Q04,5.1
CIU2020000000000A,2022,Q03,5.2
CIU2020000000000A,2022,Q02,5.7
CIU2020000000000A,2022,Q01,5.0
CIU2020000000000A,2021,Q04,5.0
CIU2020000000000A,2021,Q03,4.6
CIU2020000000000A,2021,Q02,3.5
CIU2020000000000A,2021,Q01,3.0
CIU2020000000000A,2020,Q04,2.8
CIU2020000000000A,2020,Q03,2.7
CIU2020000000000A,2020,Q02,2.9
CIU2020000000000A,2020,Q01,3.3
CIU2020000000000A,2019,Q04,3.0
CIU2020000000000A,2019,Q03,3.0
CIU2020000000000A,2019,Q02,3.0
CIU2020000000000A,2019,Q01,3.0
CIU2020000000000A,2018,Q04,3.1
CIU2020000000000A,2018,Q03,3.1
CIU2020000000000A,2018,Q02,2.9
CIU2020000000000A,2018,Q01,2.9
CIU2020000000000A,2017,Q04,2.8
CIU2020000000000A,2017,Q03,2.6
CIU2020000000000A,2017,Q02,2.4
CIU2020000000000A,2017,Q01,2.6
CIU2020000000000A,2016,Q04,2.3
CIU2020000000000A,2016,Q03,2.4
CIU2020000000000A,2016,Q02,2.6
CIU2020000000000A,2016,Q01,2.0
CIU2020000000000A,2015,Q04,2.1
CIU2020000000000A,2015,Q03,2.1
CIU2020000000000A,2015,Q02,2.2
CIU2020000000000A,2015,Q01,2.8
CIU2020000000000A,2014,Q04,2.2
CIU2020000000000A,2014,Q03,2.3
CIU2020000000000A,2014,Q02,1.9
CIU2020000000000A,2014,Q01,1.7
CIU2020000000000A,2013,Q04,2.1
CIU2020000000000A,2013,Q03,1.8
CIU2020000000000A,2013,Q02,1.9
CIU2020000000000A,2013,Q01,1.7
CIU2020000000000A,2012,Q04,1.7
CIU2020000000000A,2012,Q03,1.8
CIU2020000000000A,2012,Q02,1.8
CIU2020000000000A,2012,Q01,1.9
CIU2020000000000A,2011,Q04,1.6
CIU2020000000000A,2011,Q03,1.7
CIU2020000000000A,2011,Q02,1.7
CIU2020000000000A,2011,Q01,1.6
CIU2020000000000A,2010,Q04,1.8
CIU2020000000000A,2010,Q03,1.6
CIU2020000000000A,2010,Q02,1.6
CIU2020000000000A,2010,Q01,1.5
CIU2020000000000I,2024,Q04,170.2
CIU2020000000000I,2024,Q03,169.1
CIU2020000000000I,2024,Q02,167.9
CIU2020000000000I,2024,Q01,166.3
CIU2020000000000I,2023,Q04,164.1
CIU2020000000000I,2023,Q03,162.9
CIU2020000000000I,2023,Q02,161.3
CIU2020000000000I,2023,Q01,159.5
CIU2020000000000I,2022,Q04,157.4
CIU2020000000000I,2022,Q03,155.9
CIU2020000000000I,2022,Q02,154.2
CIU2020000000000I,2022,Q01,151.8
CIU2020000000000I,2021,Q04,149.7
CIU2020000000000I,2021,Q03,148.2
CIU2020000000000I,2021,Q02,145.9
CIU2020000000000I,2021,Q01,144.6
CIU2020000000000I,2020,Q04,142.6
CIU2020000000000I,2020,Q03,141.7
CIU2020000000000I,2020,Q02,140.9
CIU2020000000000I,2020,Q01,140.4
CIU2020000000000I,2019,Q04,138.7
CIU2020000000000I,2019,Q03,138.0
CIU2020000000000I,2019,Q02,136.9
CIU2020000000000I,2019,Q01,135.9
CIU2020000000000I,2018,Q04,134.7
CIU2020000000000I,2018,Q03,134.0
CIU2020000000000I,2018,Q02,132.9
CIU2020000000000I,2018,Q01,132.0
CIU2020000000000I,2017,Q04,130.6
CIU2020000000000I,2017,Q03,130.0
CIU2020000000000I,2017,Q02,129.1
CIU2020000000000I,2017,Q01,128.3
CIU2020000000000I,2016,Q04,127.1
CIU2020000000000I,2016,Q03,126.7
CIU2020000000000I,2016,Q02,126.1
CIU2020000000000I,2016,Q01,125.1
CIU2020000000000I,2015,Q04,124.2
CIU2020000000000I,2015,Q03,123.7
CIU2020000000000I,2015,Q02,122.9
CIU2020000000000I,2015,Q01,122.6
CIU2020000000000I,2014,Q04,121.6
CIU2020000000000I,2014,Q03,121.2
CIU2020000000000I,2014,Q02,120.3
CIU2020000000000I,2014,Q01,119.3
CIU2020000000000I,2013,Q04,119.0
CIU2020000000000I,2013,Q03,118.5
CIU2020000000000I,2013,Q02,118.1
CIU2020000000000I,2013,Q01,117.3
CIU2020000000000I,2012,Q04,116.6
CIU2020000000000I,2012,Q03,116.4
CIU2020000000000I,2012,Q02,115.9
CIU2020000000000I,2012,Q01,115.3
CIU2020000000000I,2011,Q04,114.6
CIU2020000000000I,2011,Q03,114.3
CIU2020000000000I,2011,Q02,113.8
CIU2020000000000I,2011,Q01,113.2
CIU2020000000000I,2010,Q04,112.8
CIU2020000000000I,2010,Q03,112.4
CIU2020000000000I,2010,Q02,111.9
CIU2020000000000I,2010,Q01,111.4
CIU2020000000000Q,2024,Q04,0.7
CIU2020000000000Q,2024,Q03,0.7
CIU2020000000000Q,2024,Q02,1.0
CIU2020000000000Q,2024,Q01,1.3
CIU2020000000000Q,2023,Q04,0.7
CIU2020000000000Q,2023,Q03,1.0
CIU2020000000000Q,2023,Q02,1.1
CIU2020000000000Q,2023,Q01,1.3
CIU2020000000000Q,2022,Q04,1.0
CIU2020000000000Q,2022,Q03,1.1
CIU2020000000000Q,2022,Q02,1.6
CIU2020000000000Q,2022,Q01,1.4
CIU2020000000000Q,2021,Q04,1.0
CIU2020000000000Q,2021,Q03,1.6
CIU2020000000000Q,2021,Q02,0.9
CIU2020000000000Q,2021,Q01,1.4
CIU2020000000000Q,2020,Q04,0.6
CIU2020000000000Q,2020,Q03,0.6
CIU2020000000000Q,2020,Q02,0.4
CIU2020000000000Q,2020,Q01,1.2
CIU2020000000000Q,2019,Q04,0.5
CIU2020000000000Q,2019,Q03,0.8
CIU2020000000000Q,2019,Q02,0.7
CIU2020000000000Q,2019,Q01,0.9
CIU2020000000000Q,2018,Q04,0.5
CIU2020000000000Q,2018,Q03,0.8
CIU2020000000000Q,2018,Q02,0.7
CIU2020000000000Q,2018,Q01,1.1
CIU2020000000000Q,2017,Q04,0.5
CIU2020000000000Q,2017,Q03,0.7
CIU2020000000000Q,2017,Q02,0.6
CIU2020000000000Q,2017,Q01,0.9
CIU2020000000000Q,2016,Q04,0.3
CIU2020000000000Q,2016,Q03,0.5
CIU2020000000000Q,2016,Q02,0.8
CIU2020000000000Q,2016,Q01,0.7
CIU2020000000000Q,2015,Q04,0.4
CIU2020000000000Q,2015,Q03,0.7
CIU2020000000000Q,2015,Q02,0.2
CIU2020000000000Q,2015,Q01,0.8
CIU2020000000000Q,2014,Q04,0.3
CIU2020000000000Q,2014,Q03,0.7
CIU2020000000000Q,2014,Q02,0.8
CIU2020000000000Q,2014,Q01,0.3
CIU2020000000000Q,2013,Q04,0.4
CIU2020000000000Q,2013,Q03,0.3
CIU2020000000000Q,2013,Q02,0.7
CIU2020000000000Q,2013,Q01,0.6
CIU2020000000000Q,2012,Q04,0.2
CIU2020000000000Q,2012,Q03,0.4
CIU2020000000000Q,2012,Q02,0.5
CIU2020000000000Q,2012,Q01,0.6
CIU2020000000000Q,2011,Q04,0.3
CIU2020000000000Q,2011,Q03,0.4
CIU2020000000000Q,2011,Q02,0.5
CIU2020000000000Q,2011,Q01,0.4
CIU2020000000000Q,2010,Q04,0.4
CIU2020000000000Q,2010,Q03,0.4
CIU2020000000000Q,2010,Q02,0.4
CIU2020000000000Q,2010,Q01,0.5
CIU2020000100000A,2024,Q04,3.5
CIU2020000100000A,2024,Q03,3.4
CIU2020000100000A,2024,Q02,3.8
CIU2020000100000A,2024,Q01,4.0
CIU2020000100000A,2023,Q04,4.1
CIU2020000100000A,2023,Q03,4.5
CIU2020000100000A,2023,Q02,4.2
CIU2020000100000A,2023,Q01,4.3
CIU2020000100000A,2022,Q04,4.3
CIU2020000100000A,2022,Q03,4.1
CIU2020000100000A,2022,Q02,4.7
CIU2020000100000A,2022,Q01,4.2
CIU2020000100000A,2021,Q04,3.8
CIU2020000100000A,2021,Q03,3.5
CIU2020000100000A,2021,Q02,2.5
CIU2020000100000A,2021,Q01,1.8
CIU2020000100000A,2020,Q04,2.0
CIU2020000100000A,2020,Q03,2.0
CIU2020000100000A,2020,Q02,2.1
CIU2020000100000A,2020,Q01,2.7
CIU2020000100000A,2019,Q04,2.3
CIU2020000100000A,2019,Q03,2.3
CIU2020000100000A,2019,Q02,2.6
CIU2020000100000A,2019,Q01,2.3
CIU2020000100000A,2018,Q04,2.7
CIU2020000100000A,2018,Q03,2.8
CIU2020000100000A,2018,Q02,2.3
CIU2020000100000A,2018,Q01,2.6
CIU2020000100000A,2017,Q04,2.3
CIU2020000100000A,2017,Q03,2.2
CIU2020000100000A,2017,Q02,2.4
CIU2020000100000A,2017,Q01,2.1
CIU2020000100000A,2016,Q04,2.0
CIU2020000100000A,2016,Q03,2.1
CIU2020000100000A,2016,Q02,2.2
CIU2020000100000A,2016,Q01,2.4
CIU2020000100000A,2015,Q04,2.3
CIU2020000100000A,2015,Q03,2.1
CIU2020000100000A,2015,Q02,2.1
CIU2020000100000A,2015,Q01,2.3
CIU2020000100000A,2014,Q04,2.2
CIU2020000100000A,2014,Q03,2.3
CIU2020000100000A,2014,Q02,1.9
CIU2020000100000A,2014,Q01,1.9
CIU2020000100000A,2013,Q04,2.1
CIU2020000100000A,2013,Q03,2.1
CIU2020000100000A,2013,Q02,2.1
CIU2020000100000A,2013,Q01,1.8
CIU2020000100000A,2012,Q04,1.9
CIU2020000100000A,2012,Q03,1.7
CIU2020000100000A,2012,Q02,1.8
CIU2020000100000A,2012,Q01,1.7
CIU2020000100000A,2011,Q04,1.6
CIU2020000100000A,2011,Q03,1.7
CIU2020000100000A,2011,Q02,1.8
CIU2020000100000A,2011,Q01,1.7
CIU2020000100000A,2010,Q04,2.0
CIU2020000100000A,2010,Q03,1.9
CIU2020000100000A,2010,Q02,1.6
CIU2020000100000A,2010,Q01,1.3
CIU2020000100000I,2024,Q04,163.7
CIU2020000100000I,2024,Q03,162.9
CIU2020000100000I,2024,Q02,161.7
CIU2020000100000I,2024,Q01,160.1
CIU2020000100000I,2023,Q04,158.2
CIU2020000100000I,2023,Q03,157.6
CIU2020000100000I,2023,Q02,155.8
CIU2020000100000I,2023,Q01,154.0
CIU2020000100000I,2022,Q04,152.0
CIU2020000100000I,2022,Q03,150.8
CIU2020000100000I,2022,Q02,149.5
CIU2020000100000I,2022,Q01,147.6
CIU2020000100000I,2021,Q04,145.8
CIU2020000100000I,2021,Q03,144.9
CIU2020000100000I,2021,Q02,142.8
CIU2020000100000I,2021,Q01,141.6
CIU2020000100000I,2020,Q04,140.4
CIU2020000100000I,2020,Q03,140.0
CIU2020000100000I,2020,Q02,139.3
CIU2020000100000I,2020,Q01,139.1
CIU2020000100000I,2019,Q04,137.7
CIU2020000100000I,2019,Q03,137.2
CIU2020000100000I,2019,Q02,136.4
CIU2020000100000I,2019,Q01,135.4
CIU2020000100000I,2018,Q04,134.6
CIU2020000100000I,2018,Q03,134.1
CIU2020000100000I,2018,Q02,133.0
CIU2020000100000I,2018,Q01,132.3
CIU2020000100000I,2017,Q04,131.1
CIU2020000100000I,2017,Q03,130.5
CIU2020000100000I,2017,Q02,130.0
CIU2020000100000I,2017,Q01,129.0
CIU2020000100000I,2016,Q04,128.1
CIU2020000100000I,2016,Q03,127.7
CIU2020000100000I,2016,Q02,126.9
CIU2020000100000I,2016,Q01,126.4
CIU2020000100000I,2015,Q04,125.6
CIU2020000100000I,2015,Q03,125.1
CIU2020000100000I,2015,Q02,124.2
CIU2020000100000I,2015,Q01,123.4
CIU2020000100000I,2014,Q04,122.8
CIU2020000100000I,2014,Q03,122.5
CIU2020000100000I,2014,Q02,121.7
CIU2020000100000I,2014,Q01,120.6
CIU2020000100000I,2013,Q04,120.2
CIU2020000100000I,2013,Q03,119.8
CIU2020000100000I,2013,Q02,119.4
CIU2020000100000I,2013,Q01,118.4
CIU2020000100000I,2012,Q04,117.7
CIU2020000100000I,2012,Q03,117.3
CIU2020000100000I,2012,Q02,117.0
CIU2020000100000I,2012,Q01,116.3
CIU2020000100000I,2011,Q04,115.5
CIU2020000100000I,2011,Q03,115.3
CIU2020000100000I,2011,Q02,114.9
CIU2020000100000I,2011,Q01,114.4
CIU2020000100000I,2010,Q04,113.7
CIU2020000100000I,2010,Q03,113.4
CIU2020000100000I,2010,Q02,112.9
CIU2020000100000I,2010,Q01,112.5
CIU2020000100000Q,2024,Q04,0.5
CIU2020000100000Q,2024,Q03,0.7
CIU2020000100000Q,2024,Q02,1.0
CIU2020000100000Q,2024,Q01,1.2
CIU2020000100000Q,2023,Q04,0.4
CIU2020000100000Q,2023,Q03,1.2
CIU2020000100000Q,2023,Q02,1.2
CIU2020000100000Q,2023,Q01,1.3
CIU2020000100000Q,2022,Q04,0.8
CIU2020000100000Q,2022,Q03,0.9
CIU2020000100000Q,2022,Q02,1.3
CIU2020000100000Q,2022,Q01,1.2
CIU2020000100000Q,2021,Q04,0.6
CIU2020000100000Q,2021,Q03,1.5
CIU2020000100000Q,2021,Q02,0.8
CIU2020000100000Q,2021,Q01,0.9
CIU2020000100000Q,2020,Q04,0.3
CIU2020000100000Q,2020,Q03,0.5
CIU2020000100000Q,2020,Q02,0.1
CIU2020000100000Q,2020,Q01,1.0
CIU2020000100000Q,2019,Q04,0.4
CIU2020000100000Q,2019,Q03,0.6
CIU2020000100000Q,2019,Q02,0.7
CIU2020000100000Q,2019,Q01,0.6
CIU2020000100000Q,2018,Q04,0.4
CIU2020000100000Q,2018,Q03,0.8
CIU2020000100000Q,2018,Q02,0.5
CIU2020000100000Q,2018,Q01,0.9
CIU2020000100000Q,2017,Q04,0.5
CIU2020000100000Q,2017,Q03,0.4
CIU2020000100000Q,2017,Q02,0.8
CIU2020000100000Q,2017,Q01,0.7
CIU2020000100000Q,2016,Q04,0.3
CIU2020000100000Q,2016,Q03,0.6
CIU2020000100000Q,2016,Q02,0.4
CIU2020000100000Q,2016,Q01,0.6
CIU2020000100000Q,2015,Q04,0.4
CIU2020000100000Q,2015,Q03,0.7
CIU2020000100000Q,2015,Q02,0.6
CIU2020000100000Q,2015,Q01,0.5
CIU2020000100000Q,2014,Q04,0.2
CIU2020000100000Q,2014,Q03,0.7
CIU2020000100000Q,2014,Q02,0.9
CIU2020000100000Q,2014,Q01,0.3
CIU2020000100000Q,2013,Q04,0.3
CIU2020000100000Q,2013,Q03,0.3
CIU2020000100000Q,2013,Q02,0.8
CIU2020000100000Q,2013,Q01,0.6
CIU2020000100000Q,2012,Q04,0.3
CIU2020000100000Q,2012,Q03,0.3
CIU2020000100000Q,2012,Q02,0.6
CIU2020000100000Q,2012,Q01,0.7
CIU2020000100000Q,2011,Q04,0.2
CIU2020000100000Q,2011,Q03,0.3
CIU2020000100000Q,2011,Q02,0.4
CIU2020000100000Q,2011,Q01,0.6
CIU2020000100000Q,2010,Q04,0.3
CIU2020000100000Q,2010,Q03,0.4
CIU2020000100000Q,2010,Q02,0.4
CIU2020000100000Q,2010,Q01,0.9
CIU2020000200000A,2024,Q04,3.2
CIU2020000200000A,2024,Q03,3.2
CIU2020000200000A,2024,Q02,3.6
CIU2020000200000A,2024,Q01,4.3
CIU2020000200000A,2023,Q04,4.0
CIU2020000200000A,2023,Q03,4.3
CIU2020000200000A,2023,Q02,4.8
CIU2020000200000A,2023,Q01,6.0
CIU2020000200000A,2022,Q04,6.2
CIU2020000200000A,2022,Q03,6.0
CIU2020000200000A,2022,Q02,6.4
CIU2020000200000A,2022,Q01,4.5
CIU2020000200000A,2021,Q04,5.4
CIU2020000200000A,2021,Q03,5.5
CIU2020000200000A,2021,Q02,4.3
CIU2020000200000A,2021,Q01,4.4
CIU2020000200000A,2020,Q04,3.5
CIU2020000200000A,2020,Q03,2.7
CIU2020000200000A,2020,Q02,3.6
CIU2020000200000A,2020,Q01,3.7
CIU2020000200000A,2019,Q04,3.1
CIU2020000200000A,2019,Q03,3.4
CIU2020000200000A,2019,Q02,3.2
CIU2020000200000A,2019,Q01,3.5
CIU2020000200000A,2018,Q04,4.0
CIU2020000200000A,2018,Q03,3.7
CIU2020000200000A,2018,Q02,3.6
CIU2020000200000A,2018,Q01,3.2
CIU2020000200000A,2017,Q04,2.9
CIU2020000200000A,2017,Q03,2.7
CIU2020000200000A,2017,Q02,1.6
CIU2020000200000A,2017,Q01,2.7
CIU2020000200000A,2016,Q04,2.2
CIU2020000200000A,2016,Q03,2.4
CIU2020000200000A,2016,Q02,3.2
CIU2020000200000A,2016,Q01,1.0
CIU2020000200000A,2015,Q04,1.8
CIU2020000200000A,2015,Q03,2.2
CIU2020000200000A,2015,Q02,2.3
CIU2020000200000A,2015,Q01,4.0
CIU2020000200000A,2014,Q04,2.4
CIU2020000200000A,2014,Q03,2.2
CIU2020000200000A,2014,Q02,2.0
CIU2020000200000A,2014,Q01,1.7
CIU2020000200000A,2013,Q04,2.2
CIU2020000200000A,2013,Q03,1.7
CIU2020000200000A,2013,Q02,1.8
CIU2020000200000A,2013,Q01,1.9
CIU2020000200000A,2012,Q04,1.9
CIU2020000200000A,2012,Q03,2.3
CIU2020000200000A,2012,Q02,2.2
CIU2020000200000A,2012,Q01,2.4
CIU2020000200000A,2011,Q04,1.9
CIU2020000200000A,2011,Q03,2.1
CIU2020000200000A,2011,Q02,1.8
CIU2020000200000A,2011,Q01,1.8
CIU2020000200000A,2010,Q04,1.9
CIU2020000200000A,2010,Q03,1.7
CIU2020000200000A,2010,Q02,2.2
CIU2020000200000A,2010,Q01,1.6
CIU2020000200000I,2024,Q04,173.1
CIU2020000200000I,2024,Q03,171.7
CIU2020000200000I,2024,Q02,171.2
CIU2020000200000I,2024,Q01,170.6
CIU2020000200000I,2023,Q04,167.8
CIU2020000200000I,2023,Q03,166.3
CIU2020000200000I,2023,Q02,165.3
CIU2020000200000I,2023,Q01,163.5
CIU2020000200000I,2022,Q04,161.3
CIU2020000200000I,2022,Q03,159.4
CIU2020000200000I,2022,Q02,157.7
CIU2020000200000I,2022,Q01,154.3
CIU2020000200000I,2021,Q04,151.9
CIU2020000200000I,2021,Q03,150.4
CIU2020000200000I,2021,Q02,148.2
CIU2020000200000I,2021,Q01,147.7
CIU2020000200000I,2020,Q04,144.1
CIU2020000200000I,2020,Q03,142.6
CIU2020000200000I,2020,Q02,142.1
CIU2020000200000I,2020,Q01,141.5
CIU2020000200000I,2019,Q04,139.2
CIU2020000200000I,2019,Q03,138.8
CIU2020000200000I,2019,Q02,137.1
CIU2020000200000I,2019,Q01,136.4
CIU2020000200000I,2018,Q04,135.0
CIU2020000200000I,2018,Q03,134.3
CIU2020000200000I,2018,Q02,132.8
CIU2020000200000I,2018,Q01,131.8
CIU2020000200000I,2017,Q04,129.8
CIU2020000200000I,2017,Q03,129.5
CIU2020000200000I,2017,Q02,128.2
CIU2020000200000I,2017,Q01,127.7
CIU2020000200000I,2016,Q04,126.2
CIU2020000200000I,2016,Q03,126.1
CIU2020000200000I,2016,Q02,126.2
CIU2020000200000I,2016,Q01,124.4
CIU2020000200000I,2015,Q04,123.5
CIU2020000200000I,2015,Q03,123.1
CIU2020000200000I,2015,Q02,122.3
CIU2020000200000I,2015,Q01,123.2
CIU2020000200000I,2014,Q04,121.3
CIU2020000200000I,2014,Q03,120.4
CIU2020000200000I,2014,Q02,119.6
CIU2020000200000I,2014,Q01,118.5
CIU2020000200000I,2013,Q04,118.4
CIU2020000200000I,2013,Q03,117.8
CIU2020000200000I,2013,Q02,117.3
CIU2020000200000I,2013,Q01,116.5
CIU2020000200000I,2012,Q04,115.8
CIU2020000200000I,2012,Q03,115.8
CIU2020000200000I,2012,Q02,115.2
CIU2020000200000I,2012,Q01,114.3
CIU2020000200000I,2011,Q04,113.6
CIU2020000200000I,2011,Q03,113.2
CIU2020000200000I,2011,Q02,112.7
CIU2020000200000I,2011,Q01,111.6
CIU2020000200000I,2010,Q04,111.5
CIU2020000200000I,2010,Q03,110.9
CIU2020000200000I,2010,Q02,110.7
CIU2020000200000I,2010,Q01,109.6
CIU2020000200000Q,2024,Q04,0.8
CIU2020000200000Q,2024,Q03,0.3
CIU2020000200000Q,2024,Q02,0.4
CIU2020000200000Q,2024,Q01,1.7
CIU2020000200000Q,2023,Q04,0.9
CIU2020000200000Q,2023,Q03,0.6
CIU2020000200000Q,2023,Q02,1.1
CIU2020000200000Q,2023,Q01,1.4
CIU2020000200000Q,2022,Q04,1.2
CIU2020000200000Q,2022,Q03,1.1
CIU2020000200000Q,2022,Q02,2.2
CIU2020000200000Q,2022,Q01,1.6
CIU2020000200000Q,2021,Q04,1.0
CIU2020000200000Q,2021,Q03,1.5
CIU2020000200000Q,2021,Q02,0.3
CIU2020000200000Q,2021,Q01,2.5
CIU2020000200000Q,2020,Q04,1.1
CIU2020000200000Q,2020,Q03,0.4
CIU2020000200000Q,2020,Q02,0.4
CIU2020000200000Q,2020,Q01,1.7
CIU2020000200000Q,2019,Q04,0.3
CIU2020000200000Q,2019,Q03,1.2
CIU2020000200000Q,2019,Q02,0.5
CIU2020000200000Q,2019,Q01,1.0
CIU2020000200000Q,2018,Q04,0.5
CIU2020000200000Q,2018,Q03,1.1
CIU2020000200000Q,2018,Q02,0.8
CIU2020000200000Q,2018,Q01,1.5
CIU2020000200000Q,2017,Q04,0.2
CIU2020000200000Q,2017,Q03,1.0
CIU2020000200000Q,2017,Q02,0.4
CIU2020000200000Q,2017,Q01,1.2
CIU2020000200000Q,2016,Q04,0.1
CIU2020000200000Q,2016,Q03,-0.1
CIU2020000200000Q,2016,Q02,1.4
CIU2020000200000Q,2016,Q01,0.7
CIU2020000200000Q,2015,Q04,0.3
CIU2020000200000Q,2015,Q03,0.7
CIU2020000200000Q,2015,Q02,-0.7
CIU2020000200000Q,2015,Q01,1.6
CIU2020000200000Q,2014,Q04,0.7
CIU2020000200000Q,2014,Q03,0.7
CIU2020000200000Q,2014,Q02,0.9
CIU2020000200000Q,2014,Q01,0.1
CIU2020000200000Q,2013,Q04,0.5
CIU2020000200000Q,2013,Q03,0.4
CIU2020000200000Q,2013,Q02,0.7
CIU2020000200000Q,2013,Q01,0.6
CIU2020000200000Q,2012,Q04,0.0
CIU2020000200000Q,2012,Q03,0.5
CIU2020000200000Q,2012,Q02,0.8
CIU2020000200000Q,2012,Q01,0.6
CIU2020000200000Q,2011,Q04,0.4
CIU2020000200000Q,2011,Q03,0.4
CIU2020000200000Q,2011,Q02,1.0
CIU2020000200000Q,2011,Q01,0.1
CIU2020000200000Q,2010,Q04,0.5
CIU2020000200000Q,2010,Q03,0.2
CIU2020000200000Q,2010,Q02,1.0
CIU2020000200000Q,2010,Q01,0.2
CIU2020000300000A,2024,Q04,4.4
CIU2020000300000A,2024,Q03,4.2
CIU2020000300000A,2024,Q02,4.3
CIU2020000300000A,2024,Q01,4.2
CIU2020000300000A,2023,Q04,4.4
CIU2020000300000A,2023,Q03,4.9
CIU2020000300000A,2023,Q02,5.7
CIU2020000300000A,2023,Q01,6.4
CIU2020000300000A,2022,Q04,7.0
CIU2020000300000A,2022,Q03,8.1
CIU2020000300000A,2022,Q02,8.5
CIU2020000300000A,2022,Q01,8.6
CIU2020000300000A,2021,Q04,8.1
CIU2020000300000A,2021,Q03,6.8
CIU2020000300000A,2021,Q02,5.5
CIU2020000300000A,2021,Q01,4.3
CIU2020000300000A,2020,Q04,3.8
CIU2020000300000A,2020,Q03,4.1
CIU2020000300000A,2020,Q02,3.7
CIU2020000300000A,2020,Q01,4.0
CIU2020000300000A,2019,Q04,4.3
CIU2020000300000A,2019,Q03,3.9
CIU2020000300000A,2019,Q02,4.3
CIU2020000300000A,2019,Q01,4.0
CIU2020000300000A,2018,Q04,3.9
CIU2020000300000A,2018,Q03,3.8
CIU2020000300000A,2018,Q02,3.6
CIU2020000300000A,2018,Q01,3.4
CIU2020000300000A,2017,Q04,3.3
CIU2020000300000A,2017,Q03,3.0
CIU2020000300000A,2017,Q02,3.3
CIU2020000300000A,2017,Q01,3.7
CIU2020000300000A,2016,Q04,3.5
CIU2020000300000A,2016,Q03,3.4
CIU2020000300000A,2016,Q02,3.0
CIU2020000300000A,2016,Q01,2.0
CIU2020000300000A,2015,Q04,1.7
CIU2020000300000A,2015,Q03,1.7
CIU2020000300000A,2015,Q02,2.2
CIU2020000300000A,2015,Q01,2.6
CIU2020000300000A,2014,Q04,2.0
CIU2020000300000A,2014,Q03,2.1
CIU2020000300000A,2014,Q02,1.2
CIU2020000300000A,2014,Q01,1.1
CIU2020000300000A,2013,Q04,1.3
CIU2020000300000A,2013,Q03,1.2
CIU2020000300000A,2013,Q02,1.6
CIU2020000300000A,2013,Q01,1.6
CIU2020000300000A,2012,Q04,1.5
CIU2020000300000A,2012,Q03,1.4
CIU2020000300000A,2012,Q02,1.4
CIU2020000300000A,2012,Q01,1.1
CIU2020000300000A,2011,Q04,1.4
CIU2020000300000A,2011,Q03,1.1
CIU2020000300000A,2011,Q02,1.3
CIU2020000300000A,2011,Q01,1.4
CIU2020000300000A,2010,Q04,1.1
CIU2020000300000A,2010,Q03,1.1
CIU2020000300000A,2010,Q02,1.3
CIU2020000300000A,2010,Q01,1.4
CIU2020000300000I,2024,Q04,186.0
CIU2020000300000I,2024,Q03,184.6
CIU2020000300000I,2024,Q02,182.9
CIU2020000300000I,2024,Q01,180.7
CIU2020000300000I,2023,Q04,178.2
CIU2020000300000I,2023,Q03,177.1
CIU2020000300000I,2023,Q02,175.3
CIU2020000300000I,2023,Q01,173.4
CIU2020000300000I,2022,Q04,170.7
CIU2020000300000I,2022,Q03,168.9
CIU2020000300000I,2022,Q02,165.9
CIU2020000300000I,2022,Q01,163.0
CIU2020000300000I,2021,Q04,159.5
CIU2020000300000I,2021,Q03,156.2
CIU2020000300000I,2021,Q02,152.9
CIU2020000300000I,2021,Q01,150.1
CIU2020000300000I,2020,Q04,147.6
CIU2020000300000I,2020,Q03,146.2
CIU2020000300000I,2020,Q02,144.9
CIU2020000300000I,2020,Q01,143.9
CIU2020000300000I,2019,Q04,142.2
CIU2020000300000I,2019,Q03,140.5
CIU2020000300000I,2019,Q02,139.7
CIU2020000300000I,2019,Q01,138.3
CIU2020000300000I,2018,Q04,136.4
CIU2020000300000I,2018,Q03,135.2
CIU2020000300000I,2018,Q02,134.0
CIU2020000300000I,2018,Q01,133.0
CIU2020000300000I,2017,Q04,131.3
CIU2020000300000I,2017,Q03,130.2
CIU2020000300000I,2017,Q02,129.3
CIU2020000300000I,2017,Q01,128.6
CIU2020000300000I,2016,Q04,127.1
CIU2020000300000I,2016,Q03,126.4
CIU2020000300000I,2016,Q02,125.2
CIU2020000300000I,2016,Q01,124.0
CIU2020000300000I,2015,Q04,122.8
CIU2020000300000I,2015,Q03,122.2
CIU2020000300000I,2015,Q02,121.6
CIU2020000300000I,2015,Q01,121.6
CIU2020000300000I,2014,Q04,120.7
CIU2020000300000I,2014,Q03,120.1
CIU2020000300000I,2014,Q02,119.0
CIU2020000300000I,2014,Q01,118.5
CIU2020000300000I,2013,Q04,118.3
CIU2020000300000I,2013,Q03,117.6
CIU2020000300000I,2013,Q02,117.6
CIU2020000300000I,2013,Q01,117.2
CIU2020000300000I,2012,Q04,116.8
CIU2020000300000I,2012,Q03,116.2
CIU2020000300000I,2012,Q02,115.8
CIU2020000300000I,2012,Q01,115.4
CIU2020000300000I,2011,Q04,115.1
CIU2020000300000I,2011,Q03,114.6
CIU2020000300000I,2011,Q02,114.2
CIU2020000300000I,2011,Q01,114.2
CIU2020000300000I,2010,Q04,113.5
CIU2020000300000I,2010,Q03,113.3
CIU2020000300000I,2010,Q02,112.7
CIU2020000300000I,2010,Q01,112.6
CIU2020000300000Q,2024,Q04,0.8
CIU2020000300000Q,2024,Q03,0.9
CIU2020000300000Q,2024,Q02,1.2
CIU2020000300000Q,2024,Q01,1.4
CIU2020000300000Q,2023,Q04,0.6
CIU2020000300000Q,2023,Q03,1.0
CIU2020000300000Q,2023,Q02,1.1
CIU2020000300000Q,2023,Q01,1.6
CIU2020000300000Q,2022,Q04,1.1
CIU2020000300000Q,2022,Q03,1.8
CIU2020000300000Q,2022,Q02,1.8
CIU2020000300000Q,2022,Q01,2.2
CIU2020000300000Q,2021,Q04,2.1
CIU2020000300000Q,2021,Q03,2.2
CIU2020000300000Q,2021,Q02,1.9
CIU2020000300000Q,2021,Q01,1.7
CIU2020000300000Q,2020,Q04,1.0
CIU2020000300000Q,2020,Q03,0.9
CIU2020000300000Q,2020,Q02,0.7
CIU2020000300000Q,2020,Q01,1.2
CIU2020000300000Q,2019,Q04,1.2
CIU2020000300000Q,2019,Q03,0.6
CIU2020000300000Q,2019,Q02,1.0
CIU2020000300000Q,2019,Q01,1.4
CIU2020000300000Q,2018,Q04,0.9
CIU2020000300000Q,2018,Q03,0.9
CIU2020000300000Q,2018,Q02,0.8
CIU2020000300000Q,2018,Q01,1.3
CIU2020000300000Q,2017,Q04,0.8
CIU2020000300000Q,2017,Q03,0.7
CIU2020000300000Q,2017,Q02,0.5
CIU2020000300000Q,2017,Q01,1.2
CIU2020000300000Q,2016,Q04,0.6
CIU2020000300000Q,2016,Q03,1.0
CIU2020000300000Q,2016,Q02,1.0
CIU2020000300000Q,2016,Q01,1.0
CIU2020000300000Q,2015,Q04,0.5
CIU2020000300000Q,2015,Q03,0.5
CIU2020000300000Q,2015,Q02,0.0
CIU2020000300000Q,2015,Q01,0.7
CIU2020000300000Q,2014,Q04,0.5
CIU2020000300000Q,2014,Q03,0.9
CIU2020000300000Q,2014,Q02,0.4
CIU2020000300000Q,2014,Q01,0.2
CIU2020000300000Q,2013,Q04,0.6
CIU2020000300000Q,2013,Q03,0.0
CIU2020000300000Q,2013,Q02,0.3
CIU2020000300000Q,2013,Q01,0.3
CIU2020000300000Q,2012,Q04,0.5
CIU2020000300000Q,2012,Q03,0.3
CIU2020000300000Q,2012,Q02,0.3
CIU2020000300000Q,2012,Q01,0.3
CIU2020000300000Q,2011,Q04,0.4
CIU2020000300000Q,2011,Q03,0.4
CIU2020000300000Q,2011,Q02,0.0
CIU2020000300000Q,2011,Q01,0.6
CIU2020000300000Q,2010,Q04,0.2
CIU2020000300000Q,2010,Q03,0.5
CIU2020000300000Q,2010,Q02,0.1
CIU2020000300000Q,2010,Q01,0.3
CIU2020000400000A,2024,Q04,4.2
CIU2020000400000A,2024,Q03,4.4
CIU2020000400000A,2024,Q02,4.5
CIU2020000400000A,2024,Q01,4.5
CIU2020000400000A,2023,Q04,4.9
CIU2020000400000A,2023,Q03,4.7
CIU2020000400000A,2023,Q02,4.6
CIU2020000400000A,2023,Q01,4.8
CIU2020000400000A,2022,Q04,4.6
CIU2020000400000A,2022,Q03,4.7
CIU2020000400000A,2022,Q02,4.6
CIU2020000400000A,2022,Q01,4.4
CIU2020000400000A,2021,Q04,4.2
CIU2020000400000A,2021,Q03,3.9
CIU2020000400000A,2021,Q02,3.4
CIU2020000400000A,2021,Q01,2.7
CIU2020000400000A,2020,Q04,2.8
CIU2020000400000A,2020,Q03,2.7
CIU2020000400000A,2020,Q02,3.0
CIU2020000400000A,2020,Q01,3.7
CIU2020000400000A,2019,Q04,3.0
CIU2020000400000A,2019,Q03,3.0
CIU2020000400000A,2019,Q02,2.6
CIU2020000400000A,2019,Q01,2.4
CIU2020000400000A,2018,Q04,2.3
CIU2020000400000A,2018,Q03,2.2
CIU2020000400000A,2018,Q02,2.5
CIU2020000400000A,2018,Q01,2.7
CIU2020000400000A,2017,Q04,2.9
CIU2020000400000A,2017,Q03,3.0
CIU2020000400000A,2017,Q02,2.6
CIU2020000400000A,2017,Q01,2.6
CIU2020000400000A,2016,Q04,2.6
CIU2020000400000A,2016,Q03,2.3
CIU2020000400000A,2016,Q02,2.3
CIU2020000400000A,2016,Q01,2.1
CIU2020000400000A,2015,Q04,1.7
CIU2020000400000A,2015,Q03,1.9
CIU2020000400000A,2015,Q02,2.3
CIU2020000400000A,2015,Q01,2.0
CIU2020000400000A,2014,Q04,2.2
CIU2020000400000A,2014,Q03,2.0
CIU2020000400000A,2014,Q02,2.0
CIU2020000400000A,2014,Q01,1.8
CIU2020000400000A,2013,Q04,1.8
CIU2020000400000A,2013,Q03,1.6
CIU2020000400000A,2013,Q02,1.4
CIU2020000400000A,2013,Q01,1.4
CIU2020000400000A,2012,Q04,1.1
CIU2020000400000A,2012,Q03,1.2
CIU2020000400000A,2012,Q02,1.4
CIU2020000400000A,2012,Q01,1.7
CIU2020000400000A,2011,Q04,1.9
CIU2020000400000A,2011,Q03,1.9
CIU2020000400000A,2011,Q02,1.4
CIU2020000400000A,2011,Q01,1.1
CIU2020000400000A,2010,Q04,1.2
CIU2020000400000A,2010,Q03,1.3
CIU2020000400000A,2010,Q02,1.6
CIU2020000400000A,2010,Q01,1.7
CIU2020000400000I,2024,Q04,168.3
CIU2020000400000I,2024,Q03,166.8
CIU2020000400000I,2024,Q02,165.0
CIU2020000400000I,2024,Q01,163.2
CIU2020000400000I,2023,Q04,161.5
CIU2020000400000I,2023,Q03,159.7
CIU2020000400000I,2023,Q02,157.9
CIU2020000400000I,2023,Q01,156.2
CIU2020000400000I,2022,Q04,153.9
CIU2020000400000I,2022,Q03,152.6
CIU2020000400000I,2022,Q02,151.0
CIU2020000400000I,2022,Q01,149.0
CIU2020000400000I,2021,Q04,147.2
CIU2020000400000I,2021,Q03,145.8
CIU2020000400000I,2021,Q02,144.3
CIU2020000400000I,2021,Q01,142.7
CIU2020000400000I,2020,Q04,141.2
CIU2020000400000I,2020,Q03,140.3
CIU2020000400000I,2020,Q02,139.5
CIU2020000400000I,2020,Q01,139.0
CIU2020000400000I,2019,Q04,137.4
CIU2020000400000I,2019,Q03,136.6
CIU2020000400000I,2019,Q02,135.4
CIU2020000400000I,2019,Q01,134.1
CIU2020000400000I,2018,Q04,133.4
CIU2020000400000I,2018,Q03,132.6
CIU2020000400000I,2018,Q02,132.0
CIU2020000400000I,2018,Q01,130.9
CIU2020000400000I,2017,Q04,130.4
CIU2020000400000I,2017,Q03,129.8
CIU2020000400000I,2017,Q02,128.8
CIU2020000400000I,2017,Q01,127.5
CIU2020000400000I,2016,Q04,126.7
CIU2020000400000I,2016,Q03,126.0
CIU2020000400000I,2016,Q02,125.5
CIU2020000400000I,2016,Q01,124.3
CIU2020000400000I,2015,Q04,123.5
CIU2020000400000I,2015,Q03,123.2
CIU2020000400000I,2015,Q02,122.7
CIU2020000400000I,2015,Q01,121.7
CIU2020000400000I,2014,Q04,121.4
CIU2020000400000I,2014,Q03,120.9
CIU2020000400000I,2014,Q02,120.0
CIU2020000400000I,2014,Q01,119.3
CIU2020000400000I,2013,Q04,118.8
CIU2020000400000I,2013,Q03,118.5
CIU2020000400000I,2013,Q02,117.6
CIU2020000400000I,2013,Q01,117.2
CIU2020000400000I,2012,Q04,116.7
CIU2020000400000I,2012,Q03,116.6
CIU2020000400000I,2012,Q02,116.0
CIU2020000400000I,2012,Q01,115.6
CIU2020000400000I,2011,Q04,115.4
CIU2020000400000I,2011,Q03,115.2
CIU2020000400000I,2011,Q02,114.4
CIU2020000400000I,2011,Q01,113.7
CIU2020000400000I,2010,Q04,113.3
CIU2020000400000I,2010,Q03,113.1
CIU2020000400000I,2010,Q02,112.8
CIU2020000400000I,2010,Q01,112.5
CIU2020000400000Q,2024,Q04,0.9
CIU2020000400000Q,2024,Q03,1.1
CIU2020000400000Q,2024,Q02,1.1
CIU2020000400000Q,2024,Q01,1.1
CIU2020000400000Q,2023,Q04,1.1
CIU2020000400000Q,2023,Q03,1.1
CIU2020000400000Q,2023,Q02,1.1
CIU2020000400000Q,2023,Q01,1.5
CIU2020000400000Q,2022,Q04,0.9
CIU2020000400000Q,2022,Q03,1.1
CIU2020000400000Q,2022,Q02,1.3
CIU2020000400000Q,2022,Q01,1.2
CIU2020000400000Q,2021,Q04,1.0
CIU2020000400000Q,2021,Q03,1.0
CIU2020000400000Q,2021,Q02,1.1
CIU2020000400000Q,2021,Q01,1.1
CIU2020000400000Q,2020,Q04,0.6
CIU2020000400000Q,2020,Q03,0.6
CIU2020000400000Q,2020,Q02,0.4
CIU2020000400000Q,2020,Q01,1.2
CIU2020000400000Q,2019,Q04,0.6
CIU2020000400000Q,2019,Q03,0.9
CIU2020000400000Q,2019,Q02,1.0
CIU2020000400000Q,2019,Q01,0.5
CIU2020000400000Q,2018,Q04,0.6
CIU2020000400000Q,2018,Q03,0.5
CIU2020000400000Q,2018,Q02,0.8
CIU2020000400000Q,2018,Q01,0.4
CIU2020000400000Q,2017,Q04,0.5
CIU2020000400000Q,2017,Q03,0.8
CIU2020000400000Q,2017,Q02,1.0
CIU2020000400000Q,2017,Q01,0.6
CIU2020000400000Q,2016,Q04,0.6
CIU2020000400000Q,2016,Q03,0.4
CIU2020000400000Q,2016,Q02,1.0
CIU2020000400000Q,2016,Q01,0.6
CIU2020000400000Q,2015,Q04,0.2
CIU2020000400000Q,2015,Q03,0.4
CIU2020000400000Q,2015,Q02,0.8
CIU2020000400000Q,2015,Q01,0.2
CIU2020000400000Q,2014,Q04,0.4
CIU2020000400000Q,2014,Q03,0.8
CIU2020000400000Q,2014,Q02,0.6
CIU2020000400000Q,2014,Q01,0.4
CIU2020000400000Q,2013,Q04,0.3
CIU2020000400000Q,2013,Q03,0.8
CIU2020000400000Q,2013,Q02,0.3
CIU2020000400000Q,2013,Q01,0.4
CIU2020000400000Q,2012,Q04,0.1
CIU2020000400000Q,2012,Q03,0.5
CIU2020000400000Q,2012,Q02,0.3
CIU2020000400000Q,2012,Q01,0.2
CIU2020000400000Q,2011,Q04,0.2
CIU2020000400000Q,2011,Q03,0.7
CIU2020000400000Q,2011,Q02,0.6
CIU2020000400000Q,2011,Q01,0.4
CIU2020000400000Q,2010,Q04,0.2
CIU2020000400000Q,2010,Q03,0.3
CIU2020000400000Q,2010,Q02,0.3
CIU2020000400000Q,2010,Q01,0.4
CIU2020000500000A,2024,Q04,4.2
CIU2020000500000A,2024,Q03,5.3
CIU2020000500000A,2024,Q02,5.2
CIU2020000500000A,2024,Q01,5.2
CIU2020000500000A,2023,Q04,4.9
CIU2020000500000A,2023,Q03,4.2
CIU2020000500000A,2023,Q02,4.8
CIU2020000500000A,2023,Q01,5.1
CIU2020000500000A,2022,Q04,5.2
CIU2020000500000A,2022,Q03,5.9
CIU2020000500000A,2022,Q02,5.9
CIU2020000500000A,2022,Q01,6.2
CIU2020000500000A,2021,Q04,5.8
CIU2020000500000A,2021,Q03,5.1
CIU2020000500000A,2021,Q02,4.5
CIU2020000500000A,2021,Q01,3.5
CIU2020000500000A,2020,Q04,3.6
CIU2020000500000A,2020,Q03,3.7
CIU2020000500000A,2020,Q02,3.7
CIU2020000500000A,2020,Q01,3.6
CIU2020000500000A,2019,Q04,4.0
CIU2020000500000A,2019,Q03,3.5
CIU2020000500000A,2019,Q02,3.5
CIU2020000500000A,2019,Q01,3.6
CIU2020000500000A,2018,Q04,3.4
CIU2020000500000A,2018,Q03,3.3
CIU2020000500000A,2018,Q02,3.4
CIU2020000500000A,2018,Q01,3.4
CIU2020000500000A,2017,Q04,3.2
CIU2020000500000A,2017,Q03,3.3
CIU2020000500000A,2017,Q02,3.1
CIU2020000500000A,2017,Q01,3.3
CIU2020000500000A,2016,Q04,3.1
CIU2020000500000A,2016,Q03,3.0
CIU2020000500000A,2016,Q02,2.8
CIU2020000500000A,2016,Q01,2.6
CIU2020000500000A,2015,Q04,2.4
CIU2020000500000A,2015,Q03,2.2
CIU2020000500000A,2015,Q02,2.4
CIU2020000500000A,2015,Q01,2.4
CIU2020000500000A,2014,Q04,2.3
CIU2020000500000A,2014,Q03,2.5
CIU2020000500000A,2014,Q02,2.2
CIU2020000500000A,2014,Q01,1.9
CIU2020000500000A,2013,Q04,1.8
CIU2020000500000A,2013,Q03,1.7
CIU2020000500000A,2013,Q02,1.9
CIU2020000500000A,2013,Q01,1.8
CIU2020000500000A,2012,Q04,2.0
CIU2020000500000A,2012,Q03,2.0
CIU2020000500000A,2012,Q02,1.8
CIU2020000500000A,2012,Q01,1.9
CIU2020000500000A,2011,Q04,1.3
CIU2020000500000A,2011,Q03,1.3
CIU2020000500000A,2011,Q02,1.5
CIU2020000500000A,2011,Q01,1.6
CIU2020000500000A,2010,Q04,1.6
CIU2020000500000A,2010,Q03,1.6
CIU2020000500000A,2010,Q02,1.4
CIU2020000500000A,2010,Q01,1.4
CIU2020000500000I,2024,Q04,177.0
CIU2020000500000I,2024,Q03,176.0
CIU2020000500000I,2024,Q02,174.4
CIU2020000500000I,2024,Q01,172.6
CIU2020000500000I,2023,Q04,169.9
CIU2020000500000I,2023,Q03,167.2
CIU2020000500000I,2023,Q02,165.8
CIU2020000500000I,2023,Q01,164.1
CIU2020000500000I,2022,Q04,161.9
CIU2020000500000I,2022,Q03,160.5
CIU2020000500000I,2022,Q02,158.2
CIU2020000500000I,2022,Q01,156.2
CIU2020000500000I,2021,Q04,153.9
CIU2020000500000I,2021,Q03,151.6
CIU2020000500000I,2021,Q02,149.4
CIU2020000500000I,2021,Q01,147.1
CIU2020000500000I,2020,Q04,145.5
CIU2020000500000I,2020,Q03,144.2
CIU2020000500000I,2020,Q02,143.0
CIU2020000500000I,2020,Q01,142.1
CIU2020000500000I,2019,Q04,140.5
CIU2020000500000I,2019,Q03,139.1
CIU2020000500000I,2019,Q02,137.9
CIU2020000500000I,2019,Q01,137.1
CIU2020000500000I,2018,Q04,135.1
CIU2020000500000I,2018,Q03,134.4
CIU2020000500000I,2018,Q02,133.2
CIU2020000500000I,2018,Q01,132.3
CIU2020000500000I,2017,Q04,130.7
CIU2020000500000I,2017,Q03,130.1
CIU2020000500000I,2017,Q02,128.8
CIU2020000500000I,2017,Q01,128.0
CIU2020000500000I,2016,Q04,126.6
CIU2020000500000I,2016,Q03,125.9
CIU2020000500000I,2016,Q02,124.9
CIU2020000500000I,2016,Q01,123.9
CIU2020000500000I,2015,Q04,122.8
CIU2020000500000I,2015,Q03,122.2
CIU2020000500000I,2015,Q02,121.5
CIU2020000500000I,2015,Q01,120.8
CIU2020000500000I,2014,Q04,119.9
CIU2020000500000I,2014,Q03,119.6
CIU2020000500000I,2014,Q02,118.7
CIU2020000500000I,2014,Q01,118.0
CIU2020000500000I,2013,Q04,117.2
CIU2020000500000I,2013,Q03,116.7
CIU2020000500000I,2013,Q02,116.2
CIU2020000500000I,2013,Q01,115.8
CIU2020000500000I,2012,Q04,115.1
CIU2020000500000I,2012,Q03,114.7
CIU2020000500000I,2012,Q02,114.0
CIU2020000500000I,2012,Q01,113.7
CIU2020000500000I,2011,Q04,112.8
CIU2020000500000I,2011,Q03,112.5
CIU2020000500000I,2011,Q02,112.0
CIU2020000500000I,2011,Q01,111.6
CIU2020000500000I,2010,Q04,111.3
CIU2020000500000I,2010,Q03,111.1
CIU2020000500000I,2010,Q02,110.3
CIU2020000500000I,2010,Q01,109.8
CIU2020000500000Q,2024,Q04,0.6
CIU2020000500000Q,2024,Q03,0.9
CIU2020000500000Q,2024,Q02,1.0
CIU2020000500000Q,2024,Q01,1.6
CIU2020000500000Q,2023,Q04,1.6
CIU2020000500000Q,2023,Q03,0.8
CIU2020000500000Q,2023,Q02,1.0
CIU2020000500000Q,2023,Q01,1.4
CIU2020000500000Q,2022,Q04,0.9
CIU2020000500000Q,2022,Q03,1.5
CIU2020000500000Q,2022,Q02,1.3
CIU2020000500000Q,2022,Q01,1.5
CIU2020000500000Q,2021,Q04,1.5
CIU2020000500000Q,2021,Q03,1.5
CIU2020000500000Q,2021,Q02,1.6
CIU2020000500000Q,2021,Q01,1.1
CIU2020000500000Q,2020,Q04,0.9
CIU2020000500000Q,2020,Q03,0.8
CIU2020000500000Q,2020,Q02,0.6
CIU2020000500000Q,2020,Q01,1.1
CIU2020000500000Q,2019,Q04,1.0
CIU2020000500000Q,2019,Q03,0.9
CIU2020000500000Q,2019,Q02,0.6
CIU2020000500000Q,2019,Q01,1.5
CIU2020000500000Q,2018,Q04,0.5
CIU2020000500000Q,2018,Q03,0.9
CIU2020000500000Q,2018,Q02,0.7
CIU2020000500000Q,2018,Q01,1.2
CIU2020000500000Q,2017,Q04,0.5
CIU2020000500000Q,2017,Q03,1.0
CIU2020000500000Q,2017,Q02,0.6
CIU2020000500000Q,2017,Q01,1.1
CIU2020000500000Q,2016,Q04,0.6
CIU2020000500000Q,2016,Q03,0.8
CIU2020000500000Q,2016,Q02,0.8
CIU2020000500000Q,2016,Q01,0.9
CIU2020000500000Q,2015,Q04,0.5
CIU2020000500000Q,2015,Q03,0.6
CIU2020000500000Q,2015,Q02,0.6
CIU2020000500000Q,2015,Q01,0.8
CIU2020000500000Q,2014,Q04,0.3
CIU2020000500000Q,2014,Q03,0.8
CIU2020000500000Q,2014,Q02,0.6
CIU2020000500000Q,2014,Q01,0.7
CIU2020000500000Q,2013,Q04,0.4
CIU2020000500000Q,2013,Q03,0.4
CIU2020000500000Q,2013,Q02,0.3
CIU2020000500000Q,2013,Q01,0.6
CIU2020000500000Q,2012,Q04,0.3
CIU2020000500000Q,2012,Q03,0.6
CIU2020000500000Q,2012,Q02,0.3
CIU2020000500000Q,2012,Q01,0.8
CIU2020000500000Q,2011,Q04,0.3
CIU2020000500000Q,2011,Q03,0.4
CIU2020000500000Q,2011,Q02,0.4
CIU2020000500000Q,2011,Q01,0.3
CIU2020000500000Q,2010,Q04,0.2
CIU2020000500000Q,2010,Q03,0.7
CIU2020000500000Q,2010,Q02,0.5
CIU2020000500000Q,2010,Q01,0.2
CIU2023000000000A,2024,Q04,3.8
CIU2023000000000A,2024,Q03,4.0
CIU2023000000000A,2024,Q02,3.9
CIU2023000000000A,2024,Q01,4.0
CIU2023000000000A,2023,Q04,3.8
CIU2023000000000A,2023,Q03,3.9
CIU2023000000000A,2023,Q02,4.5
CIU2023000000000A,2023,Q01,4.9
CIU2023000000000A,2022,Q04,5.1
CIU2023000000000A,2022,Q03,5.2
CIU2023000000000A,2022,Q02,4.9
CIU2023000000000A,2022,Q01,4.9
CIU2023000000000A,2021,Q04,4.1
CIU2023000000000A,2021,Q03,3.7
CIU2023000000000A,2021,Q02,3.1
CIU2023000000000A,2021,Q01,2.5
CIU2023000000000A,2020,Q04,2.6
CIU2023000000000A,2020,Q03,2.7
CIU2023000000000A,2020,Q02,3.0
CIU2023000000000A,2020,Q01,3.1
CIU2023000000000A,2019,Q04,3.2
CIU2023000000000A,2019,Q03,3.1
CIU2023000000000A,2019,Q02,3.0
CIU2023000000000A,2019,Q01,2.9
CIU2023000000000A,2018,Q04,2.8
CIU2023000000000A,2018,Q03,2.6
CIU2023000000000A,2018,Q02,2.7
CIU2023000000000A,2018,Q01,2.6
CIU2023000000000A,2017,Q04,2.5
CIU2023000000000A,2017,Q03,2.4
CIU2023000000000A,2017,Q02,2.4
CIU2023000000000A,2017,Q01,2.5
CIU2023000000000A,2016,Q04,2.6
CIU2023000000000A,2016,Q03,2.8
CIU2023000000000A,2016,Q02,2.5
CIU2023000000000A,2016,Q01,2.6
CIU2023000000000A,2015,Q04,2.7
CIU2023000000000A,2015,Q03,2.4
CIU2023000000000A,2015,Q02,2.4
CIU2023000000000A,2015,Q01,2.4
CIU2023000000000A,2014,Q04,2.2
CIU2023000000000A,2014,Q03,2.1
CIU2023000000000A,2014,Q02,2.1
CIU2023000000000A,2014,Q01,2.0
CIU2023000000000A,2013,Q04,2.1
CIU2023000000000A,2013,Q03,2.0
CIU2023000000000A,2013,Q02,2.1
CIU2023000000000A,2013,Q01,1.8
CIU2023000000000A,2012,Q04,1.9
CIU2023000000000A,2012,Q03,1.9
CIU2023000000000A,2012,Q02,1.8
CIU2023000000000A,2012,Q01,1.9
CIU2023000000000A,2011,Q04,1.8
CIU2023000000000A,2011,Q03,1.7
CIU2023000000000A,2011,Q02,1.8
CIU2023000000000A,2011,Q01,1.9
CIU2023000000000A,2010,Q04,1.7
CIU2023000000000A,2010,Q03,1.8
CIU2023000000000A,2010,Q02,1.5
CIU2023000000000A,2010,Q01,1.2
CIU2023000000000I,2024,Q04,165.8
CIU2023000000000I,2024,Q03,164.8
CIU2023000000000I,2024,Q02,163.7
CIU2023000000000I,2024,Q01,162.3
CIU2023000000000I,2023,Q04,159.7
CIU2023000000000I,2023,Q03,158.4
CIU2023000000000I,2023,Q02,157.5
CIU2023000000000I,2023,Q01,156.0
CIU2023000000000I,2022,Q04,153.9
CIU2023000000000I,2022,Q03,152.5
CIU2023000000000I,2022,Q02,150.7
CIU2023000000000I,2022,Q01,148.7
CIU2023000000000I,2021,Q04,146.4
CIU2023000000000I,2021,Q03,145.0
CIU2023000000000I,2021,Q02,143.6
CIU2023000000000I,2021,Q01,141.8
CIU2023000000000I,2020,Q04,140.7
CIU2023000000000I,2020,Q03,139.8
CIU2023000000000I,2020,Q02,139.3
CIU2023000000000I,2020,Q01,138.4
CIU2023000000000I,2019,Q04,137.1
CIU2023000000000I,2019,Q03,136.1
CIU2023000000000I,2019,Q02,135.2
CIU2023000000000I,2019,Q01,134.2
CIU2023000000000I,2018,Q04,132.9
CIU2023000000000I,2018,Q03,132.0
CIU2023000000000I,2018,Q02,131.3
CIU2023000000000I,2018,Q01,130.4
CIU2023000000000I,2017,Q04,129.3
CIU2023000000000I,2017,Q03,128.7
CIU2023000000000I,2017,Q02,127.9
CIU2023000000000I,2017,Q01,127.1
CIU2023000000000I,2016,Q04,126.2
CIU2023000000000I,2016,Q03,125.7
CIU2023000000000I,2016,Q02,124.9
CIU2023000000000I,2016,Q01,124.0
CIU2023000000000I,2015,Q04,123.0
CIU2023000000000I,2015,Q03,122.3
CIU2023000000000I,2015,Q02,121.8
CIU2023000000000I,2015,Q01,120.8
CIU2023000000000I,2014,Q04,119.8
CIU2023000000000I,2014,Q03,119.4
CIU2023000000000I,2014,Q02,118.9
CIU2023000000000I,2014,Q01,118.0
CIU2023000000000I,2013,Q04,117.2
CIU2023000000000I,2013,Q03,116.9
CIU2023000000000I,2013,Q02,116.4
CIU2023000000000I,2013,Q01,115.7
CIU2023000000000I,2012,Q04,114.8
CIU2023000000000I,2012,Q03,114.6
CIU2023000000000I,2012,Q02,114.0
CIU2023000000000I,2012,Q01,113.6
CIU2023000000000I,2011,Q04,112.7
CIU2023000000000I,2011,Q03,112.5
CIU2023000000000I,2011,Q02,112.0
CIU2023000000000I,2011,Q01,111.5
CIU2023000000000I,2010,Q04,110.7
CIU2023000000000I,2010,Q03,110.6
CIU2023000000000I,2010,Q02,110.0
CIU2023000000000I,2010,Q01,109.4
CIU2023000000000Q,2024,Q04,0.6
CIU2023000000000Q,2024,Q03,0.7
CIU2023000000000Q,2024,Q02,0.9
CIU2023000000000Q,2024,Q01,1.6
CIU2023000000000Q,2023,Q04,0.8
CIU2023000000000Q,2023,Q03,0.6
CIU2023000000000Q,2023,Q02,1.0
CIU2023000000000Q,2023,Q01,1.4
CIU2023000000000Q,2022,Q04,0.9
CIU2023000000000Q,2022,Q03,1.2
CIU2023000000000Q,2022,Q02,1.3
CIU2023000000000Q,2022,Q01,1.6
CIU2023000000000Q,2021,Q04,1.0
CIU2023000000000Q,2021,Q03,1.0
CIU2023000000000Q,2021,Q02,1.3
CIU2023000000000Q,2021,Q01,0.8
CIU2023000000000Q,2020,Q04,0.6
CIU2023000000000Q,2020,Q03,0.4
CIU2023000000000Q,2020,Q02,0.7
CIU2023000000000Q,2020,Q01,0.9
CIU2023000000000Q,2019,Q04,0.7
CIU2023000000000Q,2019,Q03,0.7
CIU2023000000000Q,2019,Q02,0.7
CIU2023000000000Q,2019,Q01,1.0
CIU2023000000000Q,2018,Q04,0.7
CIU2023000000000Q,2018,Q03,0.5
CIU2023000000000Q,2018,Q02,0.7
CIU2023000000000Q,2018,Q01,0.9
CIU2023000000000Q,2017,Q04,0.5
CIU2023000000000Q,2017,Q03,0.6
CIU2023000000000Q,2017,Q02,0.6
CIU2023000000000Q,2017,Q01,0.7
CIU2023000000000Q,2016,Q04,0.4
CIU2023000000000Q,2016,Q03,0.6
CIU2023000000000Q,2016,Q02,0.7
CIU2023000000000Q,2016,Q01,0.8
CIU2023000000000Q,2015,Q04,0.6
CIU2023000000000Q,2015,Q03,0.4
CIU2023000000000Q,2015,Q02,0.8
CIU2023000000000Q,2015,Q01,0.8
CIU2023000000000Q,2014,Q04,0.3
CIU2023000000000Q,2014,Q03,0.4
CIU2023000000000Q,2014,Q02,0.8
CIU2023000000000Q,2014,Q01,0.7
CIU2023000000000Q,2013,Q04,0.3
CIU2023000000000Q,2013,Q03,0.4
CIU2023000000000Q,2013,Q02,0.6
CIU2023000000000Q,2013,Q01,0.8
CIU2023000000000Q,2012,Q04,0.2
CIU2023000000000Q,2012,Q03,0.5
CIU2023000000000Q,2012,Q02,0.4
CIU2023000000000Q,2012,Q01,0.8
CIU2023000000000Q,2011,Q04,0.2
CIU2023000000000Q,2011,Q03,0.4
CIU2023000000000Q,2011,Q02,0.4
CIU2023000000000Q,2011,Q01,0.7
CIU2023000000000Q,2010,Q04,0.1
CIU2023000000000Q,2010,Q03,0.5
CIU2023000000000Q,2010,Q02,0.5
CIU2023000000000Q,2010,Q01,0.5
CIU2023000100000A,2024,Q04,3.7
CIU2023000100000A,2024,Q03,3.9
CIU2023000100000A,2024,Q02,3.8
CIU2023000100000A,2024,Q01,3.5
CIU2023000100000A,2023,Q04,3.3
CIU2023000100000A,2023,Q03,3.4
CIU2023000100000A,2023,Q02,3.6
CIU2023000100000A,2023,Q01,3.6
CIU2023000100000A,2022,Q04,3.8
CIU2023000100000A,2022,Q03,3.9
CIU2023000100000A,2022,Q02,3.7
CIU2023000100000A,2022,Q01,3.8
CIU2023000100000A,2021,Q04,2.3
CIU2023000100000A,2021,Q03,2.2
CIU2023000100000A,2021,Q02,1.9
CIU2023000100000A,2021,Q01,1.4
CIU2023000100000A,2020,Q04,2.5
CIU2023000100000A,2020,Q03,2.4
CIU2023000100000A,2020,Q02,2.8
CIU2023000100000A,2020,Q01,3.0
CIU2023000100000A,2019,Q04,2.8
CIU2023000100000A,2019,Q03,2.9
CIU2023000100000A,2019,Q02,2.7
CIU2023000100000A,2019,Q01,2.8
CIU2023000100000A,2018,Q04,2.7
CIU2023000100000A,2018,Q03,2.5
CIU2023000100000A,2018,Q02,2.2
CIU2023000100000A,2018,Q01,2.0
CIU2023000100000A,2017,Q04,1.8
CIU2023000100000A,2017,Q03,1.7
CIU2023000100000A,2017,Q02,2.1
CIU2023000100000A,2017,Q01,2.3
CIU2023000100000A,2016,Q04,2.6
CIU2023000100000A,2016,Q03,2.6
CIU2023000100000A,2016,Q02,2.4
CIU2023000100000A,2016,Q01,2.6
CIU2023000100000A,2015,Q04,2.7
CIU2023000100000A,2015,Q03,2.8
CIU2023000100000A,2015,Q02,2.8
CIU2023000100000A,2015,Q01,2.6
CIU2023000100000A,2014,Q04,2.4
CIU2023000100000A,2014,Q03,1.9
CIU2023000100000A,2014,Q02,2.0
CIU2023000100000A,2014,Q01,1.9
CIU2023000100000A,2013,Q04,1.9
CIU2023000100000A,2013,Q03,2.3
CIU2023000100000A,2013,Q02,2.3
CIU2023000100000A,2013,Q01,2.3
CIU2023000100000A,2012,Q04,2.1
CIU2023000100000A,2012,Q03,1.9
CIU2023000100000A,2012,Q02,1.9
CIU2023000100000A,2012,Q01,1.8
CIU2023000100000A,2011,Q04,2.0
CIU2023000100000A,2011,Q03,1.9
CIU2023000100000A,2011,Q02,2.0
CIU2023000100000A,2011,Q01,2.1
CIU2023000100000A,2010,Q04,2.3
CIU2023000100000A,2010,Q03,2.4
CIU2023000100000A,2010,Q02,2.0
CIU2023000100000A,2010,Q01,1.5
CIU2023000100000I,2024,Q04,159.5
CIU2023000100000I,2024,Q03,158.9
CIU2023000100000I,2024,Q02,158.3
CIU2023000100000I,2024,Q01,156.5
CIU2023000100000I,2023,Q04,153.8
CIU2023000100000I,2023,Q03,153.0
CIU2023000100000I,2023,Q02,152.5
CIU2023000100000I,2023,Q01,151.2
CIU2023000100000I,2022,Q04,148.9
CIU2023000100000I,2022,Q03,148.0
CIU2023000100000I,2022,Q02,147.2
CIU2023000100000I,2022,Q01,145.9
CIU2023000100000I,2021,Q04,143.4
CIU2023000100000I,2021,Q03,142.5
CIU2023000100000I,2021,Q02,141.9
CIU2023000100000I,2021,Q01,140.6
CIU2023000100000I,2020,Q04,140.2
CIU2023000100000I,2020,Q03,139.5
CIU2023000100000I,2020,Q02,139.2
CIU2023000100000I,2020,Q01,138.6
CIU2023000100000I,2019,Q04,136.8
CIU2023000100000I,2019,Q03,136.2
CIU2023000100000I,2019,Q02,135.4
CIU2023000100000I,2019,Q01,134.6
CIU2023000100000I,2018,Q04,133.1
CIU2023000100000I,2018,Q03,132.4
CIU2023000100000I,2018,Q02,131.9
CIU2023000100000I,2018,Q01,130.9
CIU2023000100000I,2017,Q04,129.6
CIU2023000100000I,2017,Q03,129.2
CIU2023000100000I,2017,Q02,129.0
CIU2023000100000I,2017,Q01,128.3
CIU2023000100000I,2016,Q04,127.3
CIU2023000100000I,2016,Q03,127.0
CIU2023000100000I,2016,Q02,126.4
CIU2023000100000I,2016,Q01,125.4
CIU2023000100000I,2015,Q04,124.1
CIU2023000100000I,2015,Q03,123.8
CIU2023000100000I,2015,Q02,123.4
CIU2023000100000I,2015,Q01,122.2
CIU2023000100000I,2014,Q04,120.8
CIU2023000100000I,2014,Q03,120.4
CIU2023000100000I,2014,Q02,120.0
CIU2023000100000I,2014,Q01,119.1
CIU2023000100000I,2013,Q04,118.0
CIU2023000100000I,2013,Q03,118.1
CIU2023000100000I,2013,Q02,117.7
CIU2023000100000I,2013,Q01,116.9
CIU2023000100000I,2012,Q04,115.8
CIU2023000100000I,2012,Q03,115.5
CIU2023000100000I,2012,Q02,115.1
CIU2023000100000I,2012,Q01,114.3
CIU2023000100000I,2011,Q04,113.4
CIU2023000100000I,2011,Q03,113.3
CIU2023000100000I,2011,Q02,112.9
CIU2023000100000I,2011,Q01,112.3
CIU2023000100000I,2010,Q04,111.2
CIU2023000100000I,2010,Q03,111.2
CIU2023000100000I,2010,Q02,110.7
CIU2023000100000I,2010,Q01,110.0
CIU2023000100000Q,2024,Q04,0.4
CIU2023000100000Q,2024,Q03,0.4
CIU2023000100000Q,2024,Q02,1.2
CIU2023000100000Q,2024,Q01,1.8
CIU2023000100000Q,2023,Q04,0.5
CIU2023000100000Q,2023,Q03,0.3
CIU2023000100000Q,2023,Q02,0.9
CIU2023000100000Q,2023,Q01,1.5
CIU2023000100000Q,2022,Q04,0.6
CIU2023000100000Q,2022,Q03,0.5
CIU2023000100000Q,2022,Q02,0.9
CIU2023000100000Q,2022,Q01,1.7
CIU2023000100000Q,2021,Q04,0.6
CIU2023000100000Q,2021,Q03,0.4
CIU2023000100000Q,2021,Q02,0.9
CIU2023000100000Q,2021,Q01,0.3
CIU2023000100000Q,2020,Q04,0.5
CIU2023000100000Q,2020,Q03,0.2
CIU2023000100000Q,2020,Q02,0.4
CIU2023000100000Q,2020,Q01,1.3
CIU2023000100000Q,2019,Q04,0.4
CIU2023000100000Q,2019,Q03,0.6
CIU2023000100000Q,2019,Q02,0.6
CIU2023000100000Q,2019,Q01,1.1
CIU2023000100000Q,2018,Q04,0.5
CIU2023000100000Q,2018,Q03,0.4
CIU2023000100000Q,2018,Q02,0.8
CIU2023000100000Q,2018,Q01,1.0
CIU2023000100000Q,2017,Q04,0.3
CIU2023000100000Q,2017,Q03,0.2
CIU2023000100000Q,2017,Q02,0.5
CIU2023000100000Q,2017,Q01,0.8
CIU2023000100000Q,2016,Q04,0.2
CIU2023000100000Q,2016,Q03,0.5
CIU2023000100000Q,2016,Q02,0.8
CIU2023000100000Q,2016,Q01,1.0
CIU2023000100000Q,2015,Q04,0.2
CIU2023000100000Q,2015,Q03,0.3
CIU2023000100000Q,2015,Q02,1.0
CIU2023000100000Q,2015,Q01,1.2
CIU2023000100000Q,2014,Q04,0.3
CIU2023000100000Q,2014,Q03,0.3
CIU2023000100000Q,2014,Q02,0.8
CIU2023000100000Q,2014,Q01,0.9
CIU2023000100000Q,2013,Q04,-0.1
CIU2023000100000Q,2013,Q03,0.3
CIU2023000100000Q,2013,Q02,0.7
CIU2023000100000Q,2013,Q01,0.9
CIU2023000100000Q,2012,Q04,0.3
CIU2023000100000Q,2012,Q03,0.3
CIU2023000100000Q,2012,Q02,0.7
CIU2023000100000Q,2012,Q01,0.8
CIU2023000100000Q,2011,Q04,0.1
CIU2023000100000Q,2011,Q03,0.4
CIU2023000100000Q,2011,Q02,0.5
CIU2023000100000Q,2011,Q01,1.0
CIU2023000100000Q,2010,Q04,0.0
CIU2023000100000Q,2010,Q03,0.5
CIU2023000100000Q,2010,Q02,0.6
CIU2023000100000Q,2010,Q01,1.2
CIU2023000200000A,2024,Q04,3.2
CIU2023000200000A,2024,Q03,3.4
CIU2023000200000A,2024,Q02,3.6
CIU2023000200000A,2024,Q01,5.0
CIU2023000200000A,2023,Q04,3.8
CIU2023000200000A,2023,Q03,4.5
CIU2023000200000A,2023,Q02,5.4
CIU2023000200000A,2023,Q01,6.1
CIU2023000200000A,2022,Q04,6.8
CIU2023000200000A,2022,Q03,5.9
CIU2023000200000A,2022,Q02,5.5
CIU2023000200000A,2022,Q01,4.9
CIU2023000200000A,2021,Q04,4.1
CIU2023000200000A,2021,Q03,4.3
CIU2023000200000A,2021,Q02,3.0
CIU2023000200000A,2021,Q01,2.1
CIU2023000200000A,2020,Q04,0.7
CIU2023000200000A,2020,Q03,1.0
CIU2023000200000A,2020,Q02,1.7
CIU2023000200000A,2020,Q01,2.3
CIU2023000200000A,2019,Q04,3.7
CIU2023000200000A,2019,Q03,3.4
CIU2023000200000A,2019,Q02,3.7
CIU2023000200000A,2019,Q01,3.7
CIU2023000200000A,2018,Q04,3.3
CIU2023000200000A,2018,Q03,3.2
CIU2023000200000A,2018,Q02,3.1
CIU2023000200000A,2018,Q01,3.0
CIU2023000200000A,2017,Q04,2.7
CIU2023000200000A,2017,Q03,2.5
CIU2023000200000A,2017,Q02,2.0
CIU2023000200000A,2017,Q01,2.1
CIU2023000200000A,2016,Q04,2.0
CIU2023000200000A,2016,Q03,2.4
CIU2023000200000A,2016,Q02,2.7
CIU2023000200000A,2016,Q01,3.4
CIU2023000200000A,2015,Q04,3.5
CIU2023000200000A,2015,Q03,3.0
CIU2023000200000A,2015,Q02,2.2
CIU2023000200000A,2015,Q01,2.4
CIU2023000200000A,2014,Q04,1.9
CIU2023000200000A,2014,Q03,2.5
CIU2023000200000A,2014,Q02,3.1
CIU2023000200000A,2014,Q01,2.4
CIU2023000200000A,2013,Q04,2.6
CIU2023000200000A,2013,Q03,1.7
CIU2023000200000A,2013,Q02,2.1
CIU2023000200000A,2013,Q01,1.2
CIU2023000200000A,2012,Q04,2.2
CIU2023000200000A,2012,Q03,2.7
CIU2023000200000A,2012,Q02,2.1
CIU2023000200000A,2012,Q01,2.7
CIU2023000200000A,2011,Q04,2.2
CIU2023000200000A,2011,Q03,2.4
CIU2023000200000A,2011,Q02,3.5
CIU2023000200000A,2011,Q01,3.3
CIU2023000200000A,2010,Q04,2.3
CIU2023000200000A,2010,Q03,2.0
CIU2023000200000A,2010,Q02,0.7
CIU2023000200000A,2010,Q01,0.1
CIU2023000200000I,2024,Q04,169.2
CIU2023000200000I,2024,Q03,168.3
CIU2023000200000I,2024,Q02,167.6
CIU2023000200000I,2024,Q01,167.9
CIU2023000200000I,2023,Q04,164.0
CIU2023000200000I,2023,Q03,162.8
CIU2023000200000I,2023,Q02,161.8
CIU2023000200000I,2023,Q01,159.9
CIU2023000200000I,2022,Q04,158.0
CIU2023000200000I,2022,Q03,155.8
CIU2023000200000I,2022,Q02,153.5
CIU2023000200000I,2022,Q01,150.7
CIU2023000200000I,2021,Q04,147.9
CIU2023000200000I,2021,Q03,147.1
CIU2023000200000I,2021,Q02,145.5
CIU2023000200000I,2021,Q01,143.6
CIU2023000200000I,2020,Q04,142.1
CIU2023000200000I,2020,Q03,141.0
CIU2023000200000I,2020,Q02,141.2
CIU2023000200000I,2020,Q01,140.7
CIU2023000200000I,2019,Q04,141.1
CIU2023000200000I,2019,Q03,139.6
CIU2023000200000I,2019,Q02,138.8
CIU2023000200000I,2019,Q01,137.5
CIU2023000200000I,2018,Q04,136.0
CIU2023000200000I,2018,Q03,135.0
CIU2023000200000I,2018,Q02,133.8
CIU2023000200000I,2018,Q01,132.6
CIU2023000200000I,2017,Q04,131.6
CIU2023000200000I,2017,Q03,130.8
CIU2023000200000I,2017,Q02,129.8
CIU2023000200000I,2017,Q01,128.7
CIU2023000200000I,2016,Q04,128.1
CIU2023000200000I,2016,Q03,127.6
CIU2023000200000I,2016,Q02,127.3
CIU2023000200000I,2016,Q01,126.0
CIU2023000200000I,2015,Q04,125.6
CIU2023000200000I,2015,Q03,124.6
CIU2023000200000I,2015,Q02,123.9
CIU2023000200000I,2015,Q01,121.9
CIU2023000200000I,2014,Q04,121.3
CIU2023000200000I,2014,Q03,121.0
CIU2023000200000I,2014,Q02,121.2
CIU2023000200000I,2014,Q01,119.1
CIU2023000200000I,2013,Q04,119.0
CIU2023000200000I,2013,Q03,118.1
CIU2023000200000I,2013,Q02,117.6
CIU2023000200000I,2013,Q01,116.3
CIU2023000200000I,2012,Q04,116.0
CIU2023000200000I,2012,Q03,116.1
CIU2023000200000I,2012,Q02,115.2
CIU2023000200000I,2012,Q01,114.9
CIU2023000200000I,2011,Q04,113.5
CIU2023000200000I,2011,Q03,113.1
CIU2023000200000I,2011,Q02,112.8
CIU2023000200000I,2011,Q01,111.9
CIU2023000200000I,2010,Q04,111.1
CIU2023000200000I,2010,Q03,110.4
CIU2023000200000I,2010,Q02,109.0
CIU2023000200000I,2010,Q01,108.3
CIU2023000200000Q,2024,Q04,0.5
CIU2023000200000Q,2024,Q03,0.4
CIU2023000200000Q,2024,Q02,-0.2
CIU2023000200000Q,2024,Q01,2.4
CIU2023000200000Q,2023,Q04,0.7
CIU2023000200000Q,2023,Q03,0.6
CIU2023000200000Q,2023,Q02,1.2
CIU2023000200000Q,2023,Q01,1.2
CIU2023000200000Q,2022,Q04,1.4
CIU2023000200000Q,2022,Q03,1.5
CIU2023000200000Q,2022,Q02,1.9
CIU2023000200000Q,2022,Q01,1.9
CIU2023000200000Q,2021,Q04,0.5
CIU2023000200000Q,2021,Q03,1.1
CIU2023000200000Q,2021,Q02,1.3
CIU2023000200000Q,2021,Q01,1.1
CIU2023000200000Q,2020,Q04,0.8
CIU2023000200000Q,2020,Q03,-0.1
CIU2023000200000Q,2020,Q02,0.4
CIU2023000200000Q,2020,Q01,-0.3
CIU2023000200000Q,2019,Q04,1.1
CIU2023000200000Q,2019,Q03,0.6
CIU2023000200000Q,2019,Q02,0.9
CIU2023000200000Q,2019,Q01,1.1
CIU2023000200000Q,2018,Q04,0.7
CIU2023000200000Q,2018,Q03,0.9
CIU2023000200000Q,2018,Q02,0.9
CIU2023000200000Q,2018,Q01,0.8
CIU2023000200000Q,2017,Q04,0.6
CIU2023000200000Q,2017,Q03,0.8
CIU2023000200000Q,2017,Q02,0.9
CIU2023000200000Q,2017,Q01,0.5
CIU2023000200000Q,2016,Q04,0.4
CIU2023000200000Q,2016,Q03,0.2
CIU2023000200000Q,2016,Q02,1.0
CIU2023000200000Q,2016,Q01,0.3
CIU2023000200000Q,2015,Q04,0.8
CIU2023000200000Q,2015,Q03,0.6
CIU2023000200000Q,2015,Q02,1.6
CIU2023000200000Q,2015,Q01,0.5
CIU2023000200000Q,2014,Q04,0.2
CIU2023000200000Q,2014,Q03,-0.2
CIU2023000200000Q,2014,Q02,1.8
CIU2023000200000Q,2014,Q01,0.1
CIU2023000200000Q,2013,Q04,0.8
CIU2023000200000Q,2013,Q03,0.4
CIU2023000200000Q,2013,Q02,1.1
CIU2023000200000Q,2013,Q01,0.3
CIU2023000200000Q,2012,Q04,-0.1
CIU2023000200000Q,2012,Q03,0.8
CIU2023000200000Q,2012,Q02,0.3
CIU2023000200000Q,2012,Q01,1.2
CIU2023000200000Q,2011,Q04,0.4
CIU2023000200000Q,2011,Q03,0.3
CIU2023000200000Q,2011,Q02,0.8
CIU2023000200000Q,2011,Q01,0.7
CIU2023000200000Q,2010,Q04,0.6
CIU2023000200000Q,2010,Q03,1.3
CIU2023000200000Q,2010,Q02,0.6
CIU2023000200000Q,2010,Q01,-0.3
CIU2023000400000A,2024,Q04,4.4
CIU2023000400000A,2024,Q03,4.4
CIU2023000400000A,2024,Q02,4.0
CIU2023000400000A,2024,Q01,4.0
CIU2023000400000A,2023,Q04,4.5
CIU2023000400000A,2023,Q03,4.7
CIU2023000400000A,2023,Q02,4.8
CIU2023000400000A,2023,Q01,5.4
CIU2023000400000A,2022,Q04,4.5
CIU2023000400000A,2022,Q03,4.0
CIU2023000400000A,2022,Q02,4.0
CIU2023000400000A,2022,Q01,3.7
CIU2023000400000A,2021,Q04,3.9
CIU2023000400000A,2021,Q03,4.0
CIU2023000400000A,2021,Q02,3.5
CIU2023000400000A,2021,Q01,3.2
CIU2023000400000A,2020,Q04,3.3
CIU2023000400000A,2020,Q03,3.2
CIU2023000400000A,2020,Q02,3.2
CIU2023000400000A,2020,Q01,3.3
CIU2023000400000A,2019,Q04,3.0
CIU2023000400000A,2019,Q03,2.7
CIU2023000400000A,2019,Q02,2.4
CIU2023000400000A,2019,Q01,2.4
CIU2023000400000A,2018,Q04,2.0
CIU2023000400000A,2018,Q03,2.4
CIU2023000400000A,2018,Q02,2.8
CIU2023000400000A,2018,Q01,2.6
CIU2023000400000A,2017,Q04,2.7
CIU2023000400000A,2017,Q03,2.1
CIU2023000400000A,2017,Q02,2.1
CIU2023000400000A,2017,Q01,2.3
CIU2023000400000A,2016,Q04,2.4
CIU2023000400000A,2016,Q03,2.7
CIU2023000400000A,2016,Q02,2.6
CIU2023000400000A,2016,Q01,2.5
CIU2023000400000A,2015,Q04,2.4
CIU2023000400000A,2015,Q03,2.2
CIU2023000400000A,2015,Q02,2.2
CIU2023000400000A,2015,Q01,2.3
CIU2023000400000A,2014,Q04,2.7
CIU2023000400000A,2014,Q03,2.1
CIU2023000400000A,2014,Q02,2.4
CIU2023000400000A,2014,Q01,2.1
CIU2023000400000A,2013,Q04,2.1
CIU2023000400000A,2013,Q03,2.6
CIU2023000400000A,2013,Q02,2.7
CIU2023000400000A,2013,Q01,2.5
CIU2023000400000A,2012,Q04,2.2
CIU2023000400000A,2012,Q03,1.6
CIU2023000400000A,2012,Q02,1.3
CIU2023000400000A,2012,Q01,1.7
CIU2023000400000A,2011,Q04,1.9
CIU2023000400000A,2011,Q03,2.2
CIU2023000400000A,2011,Q02,1.8
CIU2023000400000A,2011,Q01,1.6
CIU2023000400000A,2010,Q04,1.4
CIU2023000400000A,2010,Q03,1.5
CIU2023000400000A,2010,Q02,1.6
CIU2023000400000A,2010,Q01,1.5
CIU2023000400000I,2024,Q04,168.2
CIU2023000400000I,2024,Q03,166.4
CIU2023000400000I,2024,Q02,164.2
CIU2023000400000I,2024,Q01,162.9
CIU2023000400000I,2023,Q04,161.1
CIU2023000400000I,2023,Q03,159.4
CIU2023000400000I,2023,Q02,157.9
CIU2023000400000I,2023,Q01,156.6
CIU2023000400000I,2022,Q04,154.2
CIU2023000400000I,2022,Q03,152.3
CIU2023000400000I,2022,Q02,150.7
CIU2023000400000I,2022,Q01,148.6
CIU2023000400000I,2021,Q04,147.6
CIU2023000400000I,2021,Q03,146.5
CIU2023000400000I,2021,Q02,144.9
CIU2023000400000I,2021,Q01,143.3
CIU2023000400000I,2020,Q04,142.1
CIU2023000400000I,2020,Q03,140.9
CIU2023000400000I,2020,Q02,140.0
CIU2023000400000I,2020,Q01,138.9
CIU2023000400000I,2019,Q04,137.6
CIU2023000400000I,2019,Q03,136.5
CIU2023000400000I,2019,Q02,135.6
CIU2023000400000I,2019,Q01,134.4
CIU2023000400000I,2018,Q04,133.6
CIU2023000400000I,2018,Q03,132.9
CIU2023000400000I,2018,Q02,132.4
CIU2023000400000I,2018,Q01,131.3
CIU2023000400000I,2017,Q04,131.0
CIU2023000400000I,2017,Q03,129.8
CIU2023000400000I,2017,Q02,128.8
CIU2023000400000I,2017,Q01,128.0
CIU2023000400000I,2016,Q04,127.5
CIU2023000400000I,2016,Q03,127.1
CIU2023000400000I,2016,Q02,126.1
CIU2023000400000I,2016,Q01,125.1
CIU2023000400000I,2015,Q04,124.5
CIU2023000400000I,2015,Q03,123.8
CIU2023000400000I,2015,Q02,122.9
CIU2023000400000I,2015,Q01,122.1
CIU2023000400000I,2014,Q04,121.6
CIU2023000400000I,2014,Q03,121.1
CIU2023000400000I,2014,Q02,120.3
CIU2023000400000I,2014,Q01,119.4
CIU2023000400000I,2013,Q04,118.4
CIU2023000400000I,2013,Q03,118.6
CIU2023000400000I,2013,Q02,117.5
CIU2023000400000I,2013,Q01,116.9
CIU2023000400000I,2012,Q04,116.0
CIU2023000400000I,2012,Q03,115.6
CIU2023000400000I,2012,Q02,114.4
CIU2023000400000I,2012,Q01,114.1
CIU2023000400000I,2011,Q04,113.5
CIU2023000400000I,2011,Q03,113.8
CIU2023000400000I,2011,Q02,112.9
CIU2023000400000I,2011,Q01,112.2
CIU2023000400000I,2010,Q04,111.4
CIU2023000400000I,2010,Q03,111.4
CIU2023000400000I,2010,Q02,110.9
CIU2023000400000I,2010,Q01,110.4
CIU2023000400000Q,2024,Q04,1.1
CIU2023000400000Q,2024,Q03,1.3
CIU2023000400000Q,2024,Q02,0.8
CIU2023000400000Q,2024,Q01,1.1
CIU2023000400000Q,2023,Q04,1.1
CIU2023000400000Q,2023,Q03,0.9
CIU2023000400000Q,2023,Q02,0.8
CIU2023000400000Q,2023,Q01,1.6
CIU2023000400000Q,2022,Q04,1.2
CIU2023000400000Q,2022,Q03,1.1
CIU2023000400000Q,2022,Q02,1.4
CIU2023000400000Q,2022,Q01,0.7
CIU2023000400000Q,2021,Q04,0.8
CIU2023000400000Q,2021,Q03,1.1
CIU2023000400000Q,2021,Q02,1.1
CIU2023000400000Q,2021,Q01,0.8
CIU2023000400000Q,2020,Q04,0.9
CIU2023000400000Q,2020,Q03,0.6
CIU2023000400000Q,2020,Q02,0.8
CIU2023000400000Q,2020,Q01,0.9
CIU2023000400000Q,2019,Q04,0.8
CIU2023000400000Q,2019,Q03,0.7
CIU2023000400000Q,2019,Q02,0.9
CIU2023000400000Q,2019,Q01,0.6
CIU2023000400000Q,2018,Q04,0.5
CIU2023000400000Q,2018,Q03,0.4
CIU2023000400000Q,2018,Q02,0.8
CIU2023000400000Q,2018,Q01,0.2
CIU2023000400000Q,2017,Q04,0.9
CIU2023000400000Q,2017,Q03,0.8
CIU2023000400000Q,2017,Q02,0.6
CIU2023000400000Q,2017,Q01,0.4
CIU2023000400000Q,2016,Q04,0.3
CIU2023000400000Q,2016,Q03,0.8
CIU2023000400000Q,2016,Q02,0.8
CIU2023000400000Q,2016,Q01,0.5
CIU2023000400000Q,2015,Q04,0.6
CIU2023000400000Q,2015,Q03,0.7
CIU2023000400000Q,2015,Q02,0.7
CIU2023000400000Q,2015,Q01,0.4
CIU2023000400000Q,2014,Q04,0.4
CIU2023000400000Q,2014,Q03,0.7
CIU2023000400000Q,2014,Q02,0.8
CIU2023000400000Q,2014,Q01,0.8
CIU2023000400000Q,2013,Q04,-0.2
CIU2023000400000Q,2013,Q03,0.9
CIU2023000400000Q,2013,Q02,0.5
CIU2023000400000Q,2013,Q01,0.8
CIU2023000400000Q,2012,Q04,0.3
CIU2023000400000Q,2012,Q03,1.0
CIU2023000400000Q,2012,Q02,0.3
CIU2023000400000Q,2012,Q01,0.5
CIU2023000400000Q,2011,Q04,-0.3
CIU2023000400000Q,2011,Q03,0.8
CIU2023000400000Q,2011,Q02,0.6
CIU2023000400000Q,2011,Q01,0.7
CIU2023000400000Q,2010,Q04,0.0
CIU2023000400000Q,2010,Q03,0.5
CIU2023000400000Q,2010,Q02,0.5
CIU2023000400000Q,2010,Q01,0.5
CIU2023000500000A,2024,Q04,4.0
CIU2023000500000A,2024,Q03,4.3
CIU2023000500000A,2024,Q02,4.2
CIU2023000500000A,2024,Q01,4.2
CIU2023000500000A,2023,Q04,4.1
CIU2023000500000A,2023,Q03,4.1
CIU2023000500000A,2023,Q02,5.0
CIU2023000500000A,2023,Q01,5.6
CIU2023000500000A,2022,Q04,5.8
CIU2023000500000A,2022,Q03,6.1
CIU2023000500000A,2022,Q02,5.8
CIU2023000500000A,2022,Q01,5.8
CIU2023000500000A,2021,Q04,5.5
CIU2023000500000A,2021,Q03,4.9
CIU2023000500000A,2021,Q02,4.1
CIU2023000500000A,2021,Q01,3.3
CIU2023000500000A,2020,Q04,3.1
CIU2023000500000A,2020,Q03,3.3
CIU2023000500000A,2020,Q02,3.5
CIU2023000500000A,2020,Q01,3.4
CIU2023000500000A,2019,Q04,3.5
CIU2023000500000A,2019,Q03,3.3
CIU2023000500000A,2019,Q02,3.1
CIU2023000500000A,2019,Q01,2.9
CIU2023000500000A,2018,Q04,2.6
CIU2023000500000A,2018,Q03,2.4
CIU2023000500000A,2018,Q02,2.8
CIU2023000500000A,2018,Q01,2.9
CIU2023000500000A,2017,Q04,3.0
CIU2023000500000A,2017,Q03,3.0
CIU2023000500000A,2017,Q02,2.8
CIU2023000500000A,2017,Q01,2.8
CIU2023000500000A,2016,Q04,2.8
CIU2023000500000A,2016,Q03,2.9
CIU2023000500000A,2016,Q02,2.8
CIU2023000500000A,2016,Q01,2.5
CIU2023000500000A,2015,Q04,2.4
CIU2023000500000A,2015,Q03,2.2
CIU2023000500000A,2015,Q02,2.0
CIU2023000500000A,2015,Q01,2.1
CIU2023000500000A,2014,Q04,2.2
CIU2023000500000A,2014,Q03,2.2
CIU2023000500000A,2014,Q02,2.1
CIU2023000500000A,2014,Q01,2.1
CIU2023000500000A,2013,Q04,2.1
CIU2023000500000A,2013,Q03,1.8
CIU2023000500000A,2013,Q02,1.9
CIU2023000500000A,2013,Q01,1.7
CIU2023000500000A,2012,Q04,1.5
CIU2023000500000A,2012,Q03,1.6
CIU2023000500000A,2012,Q02,1.6
CIU2023000500000A,2012,Q01,1.7
CIU2023000500000A,2011,Q04,1.6
CIU2023000500000A,2011,Q03,1.5
CIU2023000500000A,2011,Q02,1.5
CIU2023000500000A,2011,Q01,1.5
CIU2023000500000A,2010,Q04,1.2
CIU2023000500000A,2010,Q03,1.4
CIU2023000500000A,2010,Q02,1.3
CIU2023000500000A,2010,Q01,1.4
CIU2023000500000I,2024,Q04,170.0
CIU2023000500000I,2024,Q03,168.7
CIU2023000500000I,2024,Q02,167.4
CIU2023000500000I,2024,Q01,165.8
CIU2023000500000I,2023,Q04,163.4
CIU2023000500000I,2023,Q03,161.7
CIU2023000500000I,2023,Q02,160.7
CIU2023000500000I,2023,Q01,159.1
CIU2023000500000I,2022,Q04,157.0
CIU2023000500000I,2022,Q03,155.4
CIU2023000500000I,2022,Q02,153.0
CIU2023000500000I,2022,Q01,150.6
CIU2023000500000I,2021,Q04,148.4
CIU2023000500000I,2021,Q03,146.5
CIU2023000500000I,2021,Q02,144.6
CIU2023000500000I,2021,Q01,142.3
CIU2023000500000I,2020,Q04,140.7
CIU2023000500000I,2020,Q03,139.7
CIU2023000500000I,2020,Q02,138.9
CIU2023000500000I,2020,Q01,137.7
CIU2023000500000I,2019,Q04,136.5
CIU2023000500000I,2019,Q03,135.2
CIU2023000500000I,2019,Q02,134.2
CIU2023000500000I,2019,Q01,133.2
CIU2023000500000I,2018,Q04,131.9
CIU2023000500000I,2018,Q03,130.9
CIU2023000500000I,2018,Q02,130.2
CIU2023000500000I,2018,Q01,129.5
CIU2023000500000I,2017,Q04,128.5
CIU2023000500000I,2017,Q03,127.8
CIU2023000500000I,2017,Q02,126.6
CIU2023000500000I,2017,Q01,125.8
CIU2023000500000I,2016,Q04,124.8
CIU2023000500000I,2016,Q03,124.1
CIU2023000500000I,2016,Q02,123.2
CIU2023000500000I,2016,Q01,122.4
CIU2023000500000I,2015,Q04,121.4
CIU2023000500000I,2015,Q03,120.6
CIU2023000500000I,2015,Q02,119.9
CIU2023000500000I,2015,Q01,119.4
CIU2023000500000I,2014,Q04,118.6
CIU2023000500000I,2014,Q03,118.0
CIU2023000500000I,2014,Q02,117.5
CIU2023000500000I,2014,Q01,117.0
CIU2023000500000I,2013,Q04,116.1
CIU2023000500000I,2013,Q03,115.5
CIU2023000500000I,2013,Q02,115.1
CIU2023000500000I,2013,Q01,114.6
CIU2023000500000I,2012,Q04,113.7
CIU2023000500000I,2012,Q03,113.5
CIU2023000500000I,2012,Q02,113.0
CIU2023000500000I,2012,Q01,112.7
CIU2023000500000I,2011,Q04,112.0
CIU2023000500000I,2011,Q03,111.7
CIU2023000500000I,2011,Q02,111.2
CIU2023000500000I,2011,Q01,110.8
CIU2023000500000I,2010,Q04,110.2
CIU2023000500000I,2010,Q03,110.1
CIU2023000500000I,2010,Q02,109.6
CIU2023000500000I,2010,Q01,109.2
CIU2023000500000Q,2024,Q04,0.8
CIU2023000500000Q,2024,Q03,0.8
CIU2023000500000Q,2024,Q02,1.0
CIU2023000500000Q,2024,Q01,1.5
CIU2023000500000Q,2023,Q04,1.1
CIU2023000500000Q,2023,Q03,0.6
CIU2023000500000Q,2023,Q02,1.0
CIU2023000500000Q,2023,Q01,1.3
CIU2023000500000Q,2022,Q04,1.0
CIU2023000500000Q,2022,Q03,1.6
CIU2023000500000Q,2022,Q02,1.6
CIU2023000500000Q,2022,Q01,1.5
CIU2023000500000Q,2021,Q04,1.3
CIU2023000500000Q,2021,Q03,1.3
CIU2023000500000Q,2021,Q02,1.6
CIU2023000500000Q,2021,Q01,1.1
CIU2023000500000Q,2020,Q04,0.7
CIU2023000500000Q,2020,Q03,0.6
CIU2023000500000Q,2020,Q02,0.9
CIU2023000500000Q,2020,Q01,0.9
CIU2023000500000Q,2019,Q04,1.0
CIU2023000500000Q,2019,Q03,0.7
CIU2023000500000Q,2019,Q02,0.8
CIU2023000500000Q,2019,Q01,1.0
CIU2023000500000Q,2018,Q04,0.8
CIU2023000500000Q,2018,Q03,0.5
CIU2023000500000Q,2018,Q02,0.5
CIU2023000500000Q,2018,Q01,0.8
CIU2023000500000Q,2017,Q04,0.5
CIU2023000500000Q,2017,Q03,0.9
CIU2023000500000Q,2017,Q02,0.6
CIU2023000500000Q,2017,Q01,0.8
CIU2023000500000Q,2016,Q04,0.6
CIU2023000500000Q,2016,Q03,0.7
CIU2023000500000Q,2016,Q02,0.7
CIU2023000500000Q,2016,Q01,0.8
CIU2023000500000Q,2015,Q04,0.7
CIU2023000500000Q,2015,Q03,0.6
CIU2023000500000Q,2015,Q02,0.4
CIU2023000500000Q,2015,Q01,0.7
CIU2023000500000Q,2014,Q04,0.5
CIU2023000500000Q,2014,Q03,0.4
CIU2023000500000Q,2014,Q02,0.4
CIU2023000500000Q,2014,Q01,0.8
CIU2023000500000Q,2013,Q04,0.5
CIU2023000500000Q,2013,Q03,0.3
CIU2023000500000Q,2013,Q02,0.4
CIU2023000500000Q,2013,Q01,0.8
CIU2023000500000Q,2012,Q04,0.2
CIU2023000500000Q,2012,Q03,0.4
CIU2023000500000Q,2012,Q02,0.3
CIU2023000500000Q,2012,Q01,0.6
CIU2023000500000Q,2011,Q04,0.3
CIU2023000500000Q,2011,Q03,0.4
CIU2023000500000Q,2011,Q02,0.4
CIU2023000500000Q,2011,Q01,0.5
CIU2023000500000Q,2010,Q04,0.1
CIU2023000500000Q,2010,Q03,0.5
CIU2023000500000Q,2010,Q02,0.4
CIU2023000500000Q,2010,Q01,0.3
CIU2024000000000A,2024,Q04,3.3
CIU2024000000000A,2024,Q03,4.2
CIU2024000000000A,2024,Q02,4.4
CIU2024000000000A,2024,Q01,4.8
CIU2024000000000A,2023,Q04,4.8
CIU2024000000000A,2023,Q03,4.4
CIU2024000000000A,2023,Q02,4.4
CIU2024000000000A,2023,Q01,4.6
CIU2024000000000A,2022,Q04,4.9
CIU2024000000000A,2022,Q03,5.9
CIU2024000000000A,2022,Q02,6.6
CIU2024000000000A,2022,Q01,6.3
CIU2024000000000A,2021,Q04,6.1
CIU2024000000000A,2021,Q03,5.1
CIU2024000000000A,2021,Q02,4.0
CIU2024000000000A,2021,Q01,3.4
CIU2024000000000A,2020,Q04,3.4
CIU2024000000000A,2020,Q03,2.9
CIU2024000000000A,2020,Q02,3.5
CIU2024000000000A,2020,Q01,3.3
CIU2024000000000A,2019,Q04,3.3
CIU2024000000000A,2019,Q03,3.0
CIU2024000000000A,2019,Q02,3.4
CIU2024000000000A,2019,Q01,3.4
CIU2024000000000A,2018,Q04,3.4
CIU2024000000000A,2018,Q03,3.5
CIU2024000000000A,2018,Q02,3.1
CIU2024000000000A,2018,Q01,3.1
CIU2024000000000A,2017,Q04,3.2
CIU2024000000000A,2017,Q03,3.2
CIU2024000000000A,2017,Q02,2.6
CIU2024000000000A,2017,Q01,3.0
CIU2024000000000A,2016,Q04,2.6
CIU2024000000000A,2016,Q03,2.2
CIU2024000000000A,2016,Q02,2.9
CIU2024000000000A,2016,Q01,2.5
CIU2024000000000A,2015,Q04,2.0
CIU2024000000000A,2015,Q03,2.2
CIU2024000000000A,2015,Q02,2.4
CIU2024000000000A,2015,Q01,3.0
CIU2024000000000A,2014,Q04,2.8
CIU2024000000000A,2014,Q03,3.3
CIU2024000000000A,2014,Q02,2.6
CIU2024000000000A,2014,Q01,2.2
CIU2024000000000A,2013,Q04,2.7
CIU2024000000000A,2013,Q03,2.0
CIU2024000000000A,2013,Q02,2.0
CIU2024000000000A,2013,Q01,1.7
CIU2024000000000A,2012,Q04,1.9
CIU2024000000000A,2012,Q03,2.3
CIU2024000000000A,2012,Q02,2.5
CIU2024000000000A,2012,Q01,2.7
CIU2024000000000A,2011,Q04,1.7
CIU2024000000000A,2011,Q03,1.7
CIU2024000000000A,2011,Q02,1.1
CIU2024000000000A,2011,Q01,1.3
CIU2024000000000A,2010,Q04,1.9
CIU2024000000000A,2010,Q03,1.7
CIU2024000000000A,2010,Q02,2.1
CIU2024000000000A,2010,Q01,1.6
CIU2024000000000I,2024,Q04,174.6
CIU2024000000000I,2024,Q03,173.8
CIU2024000000000I,2024,Q02,172.8
CIU2024000000000I,2024,Q01,171.1
CIU2024000000000I,2023,Q04,169.0
CIU2024000000000I,2023,Q03,166.8
CIU2024000000000I,2023,Q02,165.5
CIU2024000000000I,2023,Q01,163.2
CIU2024000000000I,2022,Q04,161.2
CIU2024000000000I,2022,Q03,159.7
CIU2024000000000I,2022,Q02,158.5
CIU2024000000000I,2022,Q01,156.0
CIU2024000000000I,2021,Q04,153.7
CIU2024000000000I,2021,Q03,150.8
CIU2024000000000I,2021,Q02,148.7
CIU2024000000000I,2021,Q01,146.7
CIU2024000000000I,2020,Q04,144.9
CIU2024000000000I,2020,Q03,143.5
CIU2024000000000I,2020,Q02,143.0
CIU2024000000000I,2020,Q01,141.9
CIU2024000000000I,2019,Q04,140.2
CIU2024000000000I,2019,Q03,139.5
CIU2024000000000I,2019,Q02,138.2
CIU2024000000000I,2019,Q01,137.4
CIU2024000000000I,2018,Q04,135.7
CIU2024000000000I,2018,Q03,135.4
CIU2024000000000I,2018,Q02,133.6
CIU2024000000000I,2018,Q01,132.9
CIU2024000000000I,2017,Q04,131.2
CIU2024000000000I,2017,Q03,130.8
CIU2024000000000I,2017,Q02,129.6
CIU2024000000000I,2017,Q01,128.9
CIU2024000000000I,2016,Q04,127.1
CIU2024000000000I,2016,Q03,126.7
CIU2024000000000I,2016,Q02,126.3
CIU2024000000000I,2016,Q01,125.1
CIU2024000000000I,2015,Q04,123.9
CIU2024000000000I,2015,Q03,124.0
CIU2024000000000I,2015,Q02,122.7
CIU2024000000000I,2015,Q01,122.0
CIU2024000000000I,2014,Q04,121.5
CIU2024000000000I,2014,Q03,121.3
CIU2024000000000I,2014,Q02,119.8
CIU2024000000000I,2014,Q01,118.4
CIU2024000000000I,2013,Q04,118.2
CIU2024000000000I,2013,Q03,117.4
CIU2024000000000I,2013,Q02,116.8
CIU2024000000000I,2013,Q01,115.8
CIU2024000000000I,2012,Q04,115.1
CIU2024000000000I,2012,Q03,115.1
CIU2024000000000I,2012,Q02,114.5
CIU2024000000000I,2012,Q01,113.9
CIU2024000000000I,2011,Q04,112.9
CIU2024000000000I,2011,Q03,112.5
CIU2024000000000I,2011,Q02,111.7
CIU2024000000000I,2011,Q01,110.9
CIU2024000000000I,2010,Q04,111.0
CIU2024000000000I,2010,Q03,110.6
CIU2024000000000I,2010,Q02,110.5
CIU2024000000000I,2010,Q01,109.5
CIU2024000000000Q,2024,Q04,0.5
CIU2024000000000Q,2024,Q03,0.6
CIU2024000000000Q,2024,Q02,1.0
CIU2024000000000Q,2024,Q01,1.2
CIU2024000000000Q,2023,Q04,1.3
CIU2024000000000Q,2023,Q03,0.8
CIU2024000000000Q,2023,Q02,1.4
CIU2024000000000Q,2023,Q01,1.2
CIU2024000000000Q,2022,Q04,0.9
CIU2024000000000Q,2022,Q03,0.8
CIU2024000000000Q,2022,Q02,1.6
CIU2024000000000Q,2022,Q01,1.5
CIU2024000000000Q,2021,Q04,1.9
CIU2024000000000Q,2021,Q03,1.4
CIU2024000000000Q,2021,Q02,1.4
CIU2024000000000Q,2021,Q01,1.2
CIU2024000000000Q,2020,Q04,1.0
CIU2024000000000Q,2020,Q03,0.3
CIU2024000000000Q,2020,Q02,0.8
CIU2024000000000Q,2020,Q01,1.2
CIU2024000000000Q,2019,Q04,0.5
CIU2024000000000Q,2019,Q03,0.9
CIU2024000000000Q,2019,Q02,0.6
CIU2024000000000Q,2019,Q01,1.3
CIU2024000000000Q,2018,Q04,0.2
CIU2024000000000Q,2018,Q03,1.3
CIU2024000000000Q,2018,Q02,0.5
CIU2024000000000Q,2018,Q01,1.3
CIU2024000000000Q,2017,Q04,0.3
CIU2024000000000Q,2017,Q03,0.9
CIU2024000000000Q,2017,Q02,0.5
CIU2024000000000Q,2017,Q01,1.4
CIU2024000000000Q,2016,Q04,0.3
CIU2024000000000Q,2016,Q03,0.3
CIU2024000000000Q,2016,Q02,1.0
CIU2024000000000Q,2016,Q01,1.0
CIU2024000000000Q,2015,Q04,-0.1
CIU2024000000000Q,2015,Q03,1.1
CIU2024000000000Q,2015,Q02,0.6
CIU2024000000000Q,2015,Q01,0.4
CIU2024000000000Q,2014,Q04,0.2
CIU2024000000000Q,2014,Q03,1.3
CIU2024000000000Q,2014,Q02,1.2
CIU2024000000000Q,2014,Q01,0.2
CIU2024000000000Q,2013,Q04,0.7
CIU2024000000000Q,2013,Q03,0.5
CIU2024000000000Q,2013,Q02,0.9
CIU2024000000000Q,2013,Q01,0.6
CIU2024000000000Q,2012,Q04,0.0
CIU2024000000000Q,2012,Q03,0.5
CIU2024000000000Q,2012,Q02,0.5
CIU2024000000000Q,2012,Q01,0.9
CIU2024000000000Q,2011,Q04,0.4
CIU2024000000000Q,2011,Q03,0.7
CIU2024000000000Q,2011,Q02,0.7
CIU2024000000000Q,2011,Q01,-0.1
CIU2024000000000Q,2010,Q04,0.4
CIU2024000000000Q,2010,Q03,0.1
CIU2024000000000Q,2010,Q02,0.9
CIU2024000000000Q,2010,Q01,0.6
CIU2026000000000A,2024,Q04,4.0
CIU2026000000000A,2024,Q03,4.4
CIU2026000000000A,2024,Q02,4.5
CIU2026000000000A,2024,Q01,4.7
CIU2026000000000A,2023,Q04,4.9
CIU2026000000000A,2023,Q03,5.3
CIU2026000000000A,2023,Q02,5.4
CIU2026000000000A,2023,Q01,5.6
CIU2026000000000A,2022,Q04,5.6
CIU2026000000000A,2022,Q03,5.7
CIU2026000000000A,2022,Q02,5.7
CIU2026000000000A,2022,Q01,5.4
CIU2026000000000A,2021,Q04,4.6
CIU2026000000000A,2021,Q03,3.8
CIU2026000000000A,2021,Q02,3.3
CIU2026000000000A,2021,Q01,2.1
CIU2026000000000A,2020,Q04,2.3
CIU2026000000000A,2020,Q03,2.2
CIU2026000000000A,2020,Q02,1.9
CIU2026000000000A,2020,Q01,2.8
CIU2026000000000A,2019,Q04,2.4
CIU2026000000000A,2019,Q03,2.6
CIU2026000000000A,2019,Q02,2.7
CIU2026000000000A,2019,Q01,2.7
CIU2026000000000A,2018,Q04,3.2
CIU2026000000000A,2018,Q03,3.1
CIU2026000000000A,2018,Q02,2.5
CIU2026000000000A,2018,Q01,2.4
CIU2026000000000A,2017,Q04,2.2
CIU2026000000000A,2017,Q03,2.1
CIU2026000000000A,2017,Q02,2.2
CIU2026000000000A,2017,Q01,2.3
CIU2026000000000A,2016,Q04,2.1
CIU2026000000000A,2016,Q03,2.1
CIU2026000000000A,2016,Q02,1.9
CIU2026000000000A,2016,Q01,1.8
CIU2026000000000A,2015,Q04,1.7
CIU2026000000000A,2015,Q03,2.0
CIU2026000000000A,2015,Q02,2.0
CIU2026000000000A,2015,Q01,2.1
CIU2026000000000A,2014,Q04,1.8
CIU2026000000000A,2014,Q03,1.6
CIU2026000000000A,2014,Q02,1.8
CIU2026000000000A,2014,Q01,1.6
CIU2026000000000A,2013,Q04,1.9
CIU2026000000000A,2013,Q03,1.7
CIU2026000000000A,2013,Q02,1.5
CIU2026000000000A,2013,Q01,1.5
CIU2026000000000A,2012,Q04,1.8
CIU2026000000000A,2012,Q03,1.9
CIU2026000000000A,2012,Q02,1.9
CIU2026000000000A,2012,Q01,2.0
CIU2026000000000A,2011,Q04,1.4
CIU2026000000000A,2011,Q03,1.3
CIU2026000000000A,2011,Q02,1.4
CIU2026000000000A,2011,Q01,1.2
CIU2026000000000A,2010,Q04,1.5
CIU2026000000000A,2010,Q03,1.4
CIU2026000000000A,2010,Q02,1.5
CIU2026000000000A,2010,Q01,1.6
CIU2026000000000I,2024,Q04,169.6
CIU2026000000000I,2024,Q03,168.5
CIU2026000000000I,2024,Q02,166.1
CIU2026000000000I,2024,Q01,164.8
CIU2026000000000I,2023,Q04,163.0
CIU2026000000000I,2023,Q03,161.4
CIU2026000000000I,2023,Q02,159.0
CIU2026000000000I,2023,Q01,157.4
CIU2026000000000I,2022,Q04,155.4
CIU2026000000000I,2022,Q03,153.3
CIU2026000000000I,2022,Q02,150.9
CIU2026000000000I,2022,Q01,149.1
CIU2026000000000I,2021,Q04,147.1
CIU2026000000000I,2021,Q03,145.0
CIU2026000000000I,2021,Q02,142.7
CIU2026000000000I,2021,Q01,141.5
CIU2026000000000I,2020,Q04,140.6
CIU2026000000000I,2020,Q03,139.7
CIU2026000000000I,2020,Q02,138.1
CIU2026000000000I,2020,Q01,138.6
CIU2026000000000I,2019,Q04,137.4
CIU2026000000000I,2019,Q03,136.7
CIU2026000000000I,2019,Q02,135.5
CIU2026000000000I,2019,Q01,134.8
CIU2026000000000I,2018,Q04,134.2
CIU2026000000000I,2018,Q03,133.3
CIU2026000000000I,2018,Q02,132.0
CIU2026000000000I,2018,Q01,131.2
CIU2026000000000I,2017,Q04,130.1
CIU2026000000000I,2017,Q03,129.3
CIU2026000000000I,2017,Q02,128.8
CIU2026000000000I,2017,Q01,128.1
CIU2026000000000I,2016,Q04,127.3
CIU2026000000000I,2016,Q03,126.7
CIU2026000000000I,2016,Q02,126.0
CIU2026000000000I,2016,Q01,125.2
CIU2026000000000I,2015,Q04,124.7
CIU2026000000000I,2015,Q03,124.1
CIU2026000000000I,2015,Q02,123.6
CIU2026000000000I,2015,Q01,123.0
CIU2026000000000I,2014,Q04,122.6
CIU2026000000000I,2014,Q03,121.7
CIU2026000000000I,2014,Q02,121.2
CIU2026000000000I,2014,Q01,120.5
CIU2026000000000I,2013,Q04,120.4
CIU2026000000000I,2013,Q03,119.8
CIU2026000000000I,2013,Q02,119.1
CIU2026000000000I,2013,Q01,118.6
CIU2026000000000I,2012,Q04,118.2
CIU2026000000000I,2012,Q03,117.8
CIU2026000000000I,2012,Q02,117.3
CIU2026000000000I,2012,Q01,116.9
CIU2026000000000I,2011,Q04,116.1
CIU2026000000000I,2011,Q03,115.6
CIU2026000000000I,2011,Q02,115.1
CIU2026000000000I,2011,Q01,114.6
CIU2026000000000I,2010,Q04,114.5
CIU2026000000000I,2010,Q03,114.1
CIU2026000000000I,2010,Q02,113.5
CIU2026000000000I,2010,Q01,113.2
CIU2026000000000Q,2024,Q04,0.7
CIU2026000000000Q,2024,Q03,1.4
CIU2026000000000Q,2024,Q02,0.8
CIU2026000000000Q,2024,Q01,1.1
CIU2026000000000Q,2023,Q04,1.0
CIU2026000000000Q,2023,Q03,1.5
CIU2026000000000Q,2023,Q02,1.0
CIU2026000000000Q,2023,Q01,1.3
CIU2026000000000Q,2022,Q04,1.4
CIU2026000000000Q,2022,Q03,1.6
CIU2026000000000Q,2022,Q02,1.2
CIU2026000000000Q,2022,Q01,1.4
CIU2026000000000Q,2021,Q04,1.4
CIU2026000000000Q,2021,Q03,1.6
CIU2026000000000Q,2021,Q02,0.8
CIU2026000000000Q,2021,Q01,0.6
CIU2026000000000Q,2020,Q04,0.6
CIU2026000000000Q,2020,Q03,1.2
CIU2026000000000Q,2020,Q02,-0.4
CIU2026000000000Q,2020,Q01,0.9
CIU2026000000000Q,2019,Q04,0.5
CIU2026000000000Q,2019,Q03,0.9
CIU2026000000000Q,2019,Q02,0.5
CIU2026000000000Q,2019,Q01,0.4
CIU2026000000000Q,2018,Q04,0.7
CIU2026000000000Q,2018,Q03,1.0
CIU2026000000000Q,2018,Q02,0.6
CIU2026000000000Q,2018,Q01,0.8
CIU2026000000000Q,2017,Q04,0.6
CIU2026000000000Q,2017,Q03,0.4
CIU2026000000000Q,2017,Q02,0.5
CIU2026000000000Q,2017,Q01,0.6
CIU2026000000000Q,2016,Q04,0.5
CIU2026000000000Q,2016,Q03,0.6
CIU2026000000000Q,2016,Q02,0.6
CIU2026000000000Q,2016,Q01,0.4
CIU2026000000000Q,2015,Q04,0.5
CIU2026000000000Q,2015,Q03,0.4
CIU2026000000000Q,2015,Q02,0.5
CIU2026000000000Q,2015,Q01,0.3
CIU2026000000000Q,2014,Q04,0.7
CIU2026000000000Q,2014,Q03,0.4
CIU2026000000000Q,2014,Q02,0.6
CIU2026000000000Q,2014,Q01,0.1
CIU2026000000000Q,2013,Q04,0.5
CIU2026000000000Q,2013,Q03,0.6
CIU2026000000000Q,2013,Q02,0.4
CIU2026000000000Q,2013,Q01,0.3
CIU2026000000000Q,2012,Q04,0.3
CIU2026000000000Q,2012,Q03,0.4
CIU2026000000000Q,2012,Q02,0.3
CIU2026000000000Q,2012,Q01,0.7
CIU2026000000000Q,2011,Q04,0.4
CIU2026000000000Q,2011,Q03,0.4
CIU2026000000000Q,2011,Q02,0.4
CIU2026000000000Q,2011,Q01,0.1
CIU2026000000000Q,2010,Q04,0.4
CIU2026000000000Q,2010,Q03,0.5
CIU2026000000000Q,2010,Q02,0.3
CIU2026000000000Q,2010,Q01,0.4
CIU2027000000000A,2024,Q04,3.8
CIU2027000000000A,2024,Q03,3.6
CIU2027000000000A,2024,Q02,3.7
CIU2027000000000A,2024,Q01,3.4
CIU2027000000000A,2023,Q04,4.1
CIU2027000000000A,2023,Q03,4.5
CIU2027000000000A,2023,Q02,5.5
CIU2027000000000A,2023,Q01,6.0
CIU2027000000000A,2022,Q04,6.6
CIU2027000000000A,2022,Q03,7.5
CIU2027000000000A,2022,Q02,8.2
CIU2027000000000A,2022,Q01,9.0
CIU2027000000000A,2021,Q04,8.9
CIU2027000000000A,2021,Q03,7.6
CIU2027000000000A,2021,Q02,6.1
CIU2027000000000A,2021,Q01,4.3
CIU2027000000000A,2020,Q04,3.6
CIU2027000000000A,2020,Q03,4.4
CIU2027000000000A,2020,Q02,3.9
CIU2027000000000A,2020,Q01,3.9
CIU2027000000000A,2019,Q04,3.6
CIU2027000000000A,2019,Q03,3.8
CIU2027000000000A,2019,Q02,4.2
CIU2027000000000A,2019,Q01,3.9
CIU2027000000000A,2018,Q04,4.6
CIU2027000000000A,2018,Q03,3.8
CIU2027000000000A,2018,Q02,3.4
CIU2027000000000A,2018,Q01,3.5
CIU2027000000000A,2017,Q04,3.8
CIU2027000000000A,2017,Q03,3.5
CIU2027000000000A,2017,Q02,4.1
CIU2027000000000A,2017,Q01,4.6
CIU2027000000000A,2016,Q04,3.7
CIU2027000000000A,2016,Q03,3.8
CIU2027000000000A,2016,Q02,2.9
CIU2027000000000A,2016,Q01,2.2
CIU2027000000000A,2015,Q04,1.8
CIU2027000000000A,2015,Q03,1.7
CIU2027000000000A,2015,Q02,2.5
CIU2027000000000A,2015,Q01,2.4
CIU2027000000000A,2014,Q04,2.1
CIU2027000000000A,2014,Q03,2.0
CIU2027000000000A,2014,Q02,1.4
CIU2027000000000A,2014,Q01,1.5
CIU2027000000000A,2013,Q04,0.9
CIU2027000000000A,2013,Q03,0.9
CIU2027000000000A,2013,Q02,0.7
CIU2027000000000A,2013,Q01,0.9
CIU2027000000000A,2012,Q04,1.1
CIU2027000000000A,2012,Q03,0.8
CIU2027000000000A,2012,Q02,1.3
CIU2027000000000A,2012,Q01,0.8
CIU2027000000000A,2011,Q04,0.7
CIU2027000000000A,2011,Q03,0.9
CIU2027000000000A,2011,Q02,0.7
CIU2027000000000A,2011,Q01,0.6
CIU2027000000000A,2010,Q04,1.1
CIU2027000000000A,2010,Q03,1.0
CIU2027000000000A,2010,Q02,1.3
CIU2027000000000A,2010,Q01,1.2
CIU2027000000000I,2024,Q04,186.2
CIU2027000000000I,2024,Q03,185.2
CIU2027000000000I,2024,Q02,183.9
CIU2027000000000I,2024,Q01,181.3
CIU2027000000000I,2023,Q04,179.4
CIU2027000000000I,2023,Q03,178.8
CIU2027000000000I,2023,Q02,177.3
CIU2027000000000I,2023,Q01,175.3
CIU2027000000000I,2022,Q04,172.3
CIU2027000000000I,2022,Q03,171.1
CIU2027000000000I,2022,Q02,168.1
CIU2027000000000I,2022,Q01,165.3
CIU2027000000000I,2021,Q04,161.7
CIU2027000000000I,2021,Q03,159.1
CIU2027000000000I,2021,Q02,155.3
CIU2027000000000I,2021,Q01,151.7
CIU2027000000000I,2020,Q04,148.5
CIU2027000000000I,2020,Q03,147.9
CIU2027000000000I,2020,Q02,146.4
CIU2027000000000I,2020,Q01,145.5
CIU2027000000000I,2019,Q04,143.4
CIU2027000000000I,2019,Q03,141.6
CIU2027000000000I,2019,Q02,140.9
CIU2027000000000I,2019,Q01,140.0
CIU2027000000000I,2018,Q04,138.4
CIU2027000000000I,2018,Q03,136.4
CIU2027000000000I,2018,Q02,135.2
CIU2027000000000I,2018,Q01,134.7
CIU2027000000000I,2017,Q04,132.3
CIU2027000000000I,2017,Q03,131.4
CIU2027000000000I,2017,Q02,130.7
CIU2027000000000I,2017,Q01,130.1
CIU2027000000000I,2016,Q04,127.4
CIU2027000000000I,2016,Q03,126.9
CIU2027000000000I,2016,Q02,125.6
CIU2027000000000I,2016,Q01,124.4
CIU2027000000000I,2015,Q04,122.9
CIU2027000000000I,2015,Q03,122.2
CIU2027000000000I,2015,Q02,122.1
CIU2027000000000I,2015,Q01,121.7
CIU2027000000000I,2014,Q04,120.7
CIU2027000000000I,2014,Q03,120.2
CIU2027000000000I,2014,Q02,119.1
CIU2027000000000I,2014,Q01,118.9
CIU2027000000000I,2013,Q04,118.2
CIU2027000000000I,2013,Q03,117.8
CIU2027000000000I,2013,Q02,117.4
CIU2027000000000I,2013,Q01,117.2
CIU2027000000000I,2012,Q04,117.1
CIU2027000000000I,2012,Q03,116.7
CIU2027000000000I,2012,Q02,116.6
CIU2027000000000I,2012,Q01,116.1
CIU2027000000000I,2011,Q04,115.8
CIU2027000000000I,2011,Q03,115.8
CIU2027000000000I,2011,Q02,115.1
CIU2027000000000I,2011,Q01,115.2
CIU2027000000000I,2010,Q04,115.0
CIU2027000000000I,2010,Q03,114.8
CIU2027000000000I,2010,Q02,114.3
CIU2027000000000I,2010,Q01,114.5
CIU2027000000000Q,2024,Q04,0.5
CIU2027000000000Q,2024,Q03,0.7
CIU2027000000000Q,2024,Q02,1.4
CIU2027000000000Q,2024,Q01,1.1
CIU2027000000000Q,2023,Q04,0.3
CIU2027000000000Q,2023,Q03,0.8
CIU2027000000000Q,2023,Q02,1.1
CIU2027000000000Q,2023,Q01,1.7
CIU2027000000000Q,2022,Q04,0.7
CIU2027000000000Q,2022,Q03,1.8
CIU2027000000000Q,2022,Q02,1.7
CIU2027000000000Q,2022,Q01,2.2
CIU2027000000000Q,2021,Q04,1.6
CIU2027000000000Q,2021,Q03,2.4
CIU2027000000000Q,2021,Q02,2.4
CIU2027000000000Q,2021,Q01,2.2
CIU2027000000000Q,2020,Q04,0.4
CIU2027000000000Q,2020,Q03,1.0
CIU2027000000000Q,2020,Q02,0.6
CIU2027000000000Q,2020,Q01,1.5
CIU2027000000000Q,2019,Q04,1.3
CIU2027000000000Q,2019,Q03,0.5
CIU2027000000000Q,2019,Q02,0.6
CIU2027000000000Q,2019,Q01,1.2
CIU2027000000000Q,2018,Q04,1.5
CIU2027000000000Q,2018,Q03,0.9
CIU2027000000000Q,2018,Q02,0.4
CIU2027000000000Q,2018,Q01,1.8
CIU2027000000000Q,2017,Q04,0.7
CIU2027000000000Q,2017,Q03,0.5
CIU2027000000000Q,2017,Q02,0.5
CIU2027000000000Q,2017,Q01,2.1
CIU2027000000000Q,2016,Q04,0.4
CIU2027000000000Q,2016,Q03,1.0
CIU2027000000000Q,2016,Q02,1.0
CIU2027000000000Q,2016,Q01,1.2
CIU2027000000000Q,2015,Q04,0.6
CIU2027000000000Q,2015,Q03,0.1
CIU2027000000000Q,2015,Q02,0.3
CIU2027000000000Q,2015,Q01,0.8
CIU2027000000000Q,2014,Q04,0.4
CIU2027000000000Q,2014,Q03,0.9
CIU2027000000000Q,2014,Q02,0.2
CIU2027000000000Q,2014,Q01,0.6
CIU2027000000000Q,2013,Q04,0.3
CIU2027000000000Q,2013,Q03,0.3
CIU2027000000000Q,2013,Q02,0.2
CIU2027000000000Q,2013,Q01,0.1
CIU2027000000000Q,2012,Q04,0.3
CIU2027000000000Q,2012,Q03,0.1
CIU2027000000000Q,2012,Q02,0.4
CIU2027000000000Q,2012,Q01,0.3
CIU2027000000000Q,2011,Q04,0.0
CIU2027000000000Q,2011,Q03,0.6
CIU2027000000000Q,2011,Q02,-0.1
CIU2027000000000Q,2011,Q01,0.2
CIU2027000000000Q,2010,Q04,0.2
CIU2027000000000Q,2010,Q03,0.4
CIU2027000000000Q,2010,Q02,-0.2
CIU2027000000000Q,2010,Q01,0.6
CIU2030000000000A,2024,Q04,3.3
CIU2030000000000A,2024,Q03,3.3
CIU2030000000000A,2024,Q02,3.5
CIU2030000000000A,2024,Q01,3.6
CIU2030000000000A,2023,Q04,3.6
CIU2030000000000A,2023,Q03,3.9
CIU2030000000000A,2023,Q02,3.9
CIU2030000000000A,2023,Q01,4.3
CIU2030000000000A,2022,Q04,4.8
CIU2030000000000A,2022,Q03,5.0
CIU2030000000000A,2022,Q02,5.3
CIU2030000000000A,2022,Q01,4.1
CIU2030000000000A,2021,Q04,2.9
CIU2030000000000A,2021,Q03,2.6
CIU2030000000000A,2021,Q02,2.0
CIU2030000000000A,2021,Q01,2.5
CIU2030000000000A,2020,Q04,2.1
CIU2030000000000A,2020,Q03,2.0
CIU2030000000000A,2020,Q02,2.0
CIU2030000000000A,2020,Q01,1.6
CIU2030000000000A,2019,Q04,1.9
CIU2030000000000A,2019,Q03,2.0
CIU2030000000000A,2019,Q02,1.8
CIU2030000000000A,2019,Q01,2.4
CIU2030000000000A,2018,Q04,2.6
CIU2030000000000A,2018,Q03,2.5
CIU2030000000000A,2018,Q02,2.8
CIU2030000000000A,2018,Q01,2.5
CIU2030000000000A,2017,Q04,2.3
CIU2030000000000A,2017,Q03,2.4
CIU2030000000000A,2017,Q02,2.2
CIU2030000000000A,2017,Q01,1.9
CIU2030000000000A,2016,Q04,1.8
CIU2030000000000A,2016,Q03,1.8
CIU2030000000000A,2016,Q02,1.7
CIU2030000000000A,2016,Q01,1.2
CIU2030000000000A,2015,Q04,1.3
CIU2030000000000A,2015,Q03,1.4
CIU2030000000000A,2015,Q02,1.4
CIU2030000000000A,2015,Q01,2.6
CIU2030000000000A,2014,Q04,2.5
CIU2030000000000A,2014,Q03,2.3
CIU2030000000000A,2014,Q02,2.4
CIU2030000000000A,2014,Q01,1.8
CIU2030000000000A,2013,Q04,1.9
CIU2030000000000A,2013,Q03,2.0
CIU2030000000000A,2013,Q02,1.9
CIU2030000000000A,2013,Q01,2.0
CIU2030000000000A,2012,Q04,2.0
CIU2030000000000A,2012,Q03,2.2
CIU2030000000000A,2012,Q02,1.9
CIU2030000000000A,2012,Q01,2.8
CIU2030000000000A,2011,Q04,3.6
CIU2030000000000A,2011,Q03,3.3
CIU2030000000000A,2011,Q02,4.0
CIU2030000000000A,2011,Q01,3.0
CIU2030000000000A,2010,Q04,2.9
CIU2030000000000A,2010,Q03,2.8
CIU2030000000000A,2010,Q02,2.4
CIU2030000000000A,2010,Q01,2.0
CIU2030000000000I,2024,Q04,160.7
CIU2030000000000I,2024,Q03,160.1
CIU2030000000000I,2024,Q02,159.4
CIU2030000000000I,2024,Q01,157.9
CIU2030000000000I,2023,Q04,155.5
CIU2030000000000I,2023,Q03,155.0
CIU2030000000000I,2023,Q02,154.0
CIU2030000000000I,2023,Q01,152.4
CIU2030000000000I,2022,Q04,150.1
CIU2030000000000I,2022,Q03,149.2
CIU2030000000000I,2022,Q02,148.2
CIU2030000000000I,2022,Q01,146.1
CIU2030000000000I,2021,Q04,143.2
CIU2030000000000I,2021,Q03,142.1
CIU2030000000000I,2021,Q02,140.8
CIU2030000000000I,2021,Q01,140.3
CIU2030000000000I,2020,Q04,139.1
CIU2030000000000I,2020,Q03,138.5
CIU2030000000000I,2020,Q02,138.0
CIU2030000000000I,2020,Q01,136.9
CIU2030000000000I,2019,Q04,136.2
CIU2030000000000I,2019,Q03,135.8
CIU2030000000000I,2019,Q02,135.3
CIU2030000000000I,2019,Q01,134.7
CIU2030000000000I,2018,Q04,133.6
CIU2030000000000I,2018,Q03,133.2
CIU2030000000000I,2018,Q02,132.9
CIU2030000000000I,2018,Q01,131.6
CIU2030000000000I,2017,Q04,130.2
CIU2030000000000I,2017,Q03,130.0
CIU2030000000000I,2017,Q02,129.3
CIU2030000000000I,2017,Q01,128.4
CIU2030000000000I,2016,Q04,127.3
CIU2030000000000I,2016,Q03,127.0
CIU2030000000000I,2016,Q02,126.5
CIU2030000000000I,2016,Q01,126.0
CIU2030000000000I,2015,Q04,125.1
CIU2030000000000I,2015,Q03,124.8
CIU2030000000000I,2015,Q02,124.4
CIU2030000000000I,2015,Q01,124.5
CIU2030000000000I,2014,Q04,123.5
CIU2030000000000I,2014,Q03,123.1
CIU2030000000000I,2014,Q02,122.7
CIU2030000000000I,2014,Q01,121.4
CIU2030000000000I,2013,Q04,120.5
CIU2030000000000I,2013,Q03,120.3
CIU2030000000000I,2013,Q02,119.8
CIU2030000000000I,2013,Q01,119.2
CIU2030000000000I,2012,Q04,118.2
CIU2030000000000I,2012,Q03,117.9
CIU2030000000000I,2012,Q02,117.6
CIU2030000000000I,2012,Q01,116.9
CIU2030000000000I,2011,Q04,115.9
CIU2030000000000I,2011,Q03,115.4
CIU2030000000000I,2011,Q02,115.4
CIU2030000000000I,2011,Q01,113.7
CIU2030000000000I,2010,Q04,111.9
CIU2030000000000I,2010,Q03,111.7
CIU2030000000000I,2010,Q02,111.0
CIU2030000000000I,2010,Q01,110.4
CIU2030000000000Q,2024,Q04,0.4
CIU2030000000000Q,2024,Q03,0.4
CIU2030000000000Q,2024,Q02,0.9
CIU2030000000000Q,2024,Q01,1.5
CIU2030000000000Q,2023,Q04,0.3
CIU2030000000000Q,2023,Q03,0.6
CIU2030000000000Q,2023,Q02,1.0
CIU2030000000000Q,2023,Q01,1.5
CIU2030000000000Q,2022,Q04,0.6
CIU2030000000000Q,2022,Q03,0.7
CIU2030000000000Q,2022,Q02,1.4
CIU2030000000000Q,2022,Q01,2.0
CIU2030000000000Q,2021,Q04,0.8
CIU2030000000000Q,2021,Q03,0.9
CIU2030000000000Q,2021,Q02,0.4
CIU2030000000000Q,2021,Q01,0.9
CIU2030000000000Q,2020,Q04,0.4
CIU2030000000000Q,2020,Q03,0.4
CIU2030000000000Q,2020,Q02,0.8
CIU2030000000000Q,2020,Q01,0.5
CIU2030000000000Q,2019,Q04,0.3
CIU2030000000000Q,2019,Q03,0.4
CIU2030000000000Q,2019,Q02,0.4
CIU2030000000000Q,2019,Q01,0.8
CIU2030000000000Q,2018,Q04,0.3
CIU2030000000000Q,2018,Q03,0.2
CIU2030000000000Q,2018,Q02,1.0
CIU2030000000000Q,2018,Q01,1.1
CIU2030000000000Q,2017,Q04,0.2
CIU2030000000000Q,2017,Q03,0.5
CIU2030000000000Q,2017,Q02,0.7
CIU2030000000000Q,2017,Q01,0.9
CIU2030000000000Q,2016,Q04,0.2
CIU2030000000000Q,2016,Q03,0.4
CIU2030000000000Q,2016,Q02,0.4
CIU2030000000000Q,2016,Q01,0.7
CIU2030000000000Q,2015,Q04,0.2
CIU2030000000000Q,2015,Q03,0.3
CIU2030000000000Q,2015,Q02,-0.1
CIU2030000000000Q,2015,Q01,0.8
CIU2030000000000Q,2014,Q04,0.3
CIU2030000000000Q,2014,Q03,0.3
CIU2030000000000Q,2014,Q02,1.1
CIU2030000000000Q,2014,Q01,0.7
CIU2030000000000Q,2013,Q04,0.2
CIU2030000000000Q,2013,Q03,0.4
CIU2030000000000Q,2013,Q02,0.5
CIU2030000000000Q,2013,Q01,0.8
CIU2030000000000Q,2012,Q04,0.3
CIU2030000000000Q,2012,Q03,0.3
CIU2030000000000Q,2012,Q02,0.6
CIU2030000000000Q,2012,Q01,0.9
CIU2030000000000Q,2011,Q04,0.4
CIU2030000000000Q,2011,Q03,0.0
CIU2030000000000Q,2011,Q02,1.5
CIU2030000000000Q,2011,Q01,1.6
CIU2030000000000Q,2010,Q04,0.2
CIU2030000000000Q,2010,Q03,0.6
CIU2030000000000Q,2010,Q02,0.5
CIU2030000000000Q,2010,Q01,1.6
CIU2030000100000A,2024,Q04,3.3
CIU2030000100000A,2024,Q03,3.2
CIU2030000100000A,2024,Q02,3.4
CIU2030000100000A,2024,Q01,3.7
CIU2030000100000A,2023,Q04,3.8
CIU2030000100000A,2023,Q03,4.2
CIU2030000100000A,2023,Q02,4.2
CIU2030000100000A,2023,Q01,4.4
CIU2030000100000A,2022,Q04,4.7
CIU2030000100000A,2022,Q03,4.7
CIU2030000100000A,2022,Q02,5.0
CIU2030000100000A,2022,Q01,4.0
CIU2030000100000A,2021,Q04,3.0
CIU2030000100000A,2021,Q03,2.5
CIU2030000100000A,2021,Q02,2.1
CIU2030000100000A,2021,Q01,2.4
CIU2030000100000A,2020,Q04,1.8
CIU2030000100000A,2020,Q03,1.8
CIU2030000100000A,2020,Q02,1.8
CIU2030000100000A,2020,Q01,1.6
CIU2030000100000A,2019,Q04,2.0
CIU2030000100000A,2019,Q03,2.1
CIU2030000100000A,2019,Q02,1.7
CIU2030000100000A,2019,Q01,2.1
CIU2030000100000A,2018,Q04,2.3
CIU2030000100000A,2018,Q03,2.2
CIU2030000100000A,2018,Q02,2.7
CIU2030000100000A,2018,Q01,2.5
CIU2030000100000A,2017,Q04,2.5
CIU2030000100000A,2017,Q03,2.5
CIU2030000100000A,2017,Q02,2.3
CIU2030000100000A,2017,Q01,1.8
CIU2030000100000A,2016,Q04,1.2
CIU2030000100000A,2016,Q03,1.2
CIU2030000100000A,2016,Q02,1.0
CIU2030000100000A,2016,Q01,0.3
CIU2030000100000A,2015,Q04,0.9
CIU2030000100000A,2015,Q03,1.0
CIU2030000100000A,2015,Q02,1.2
CIU2030000100000A,2015,Q01,3.0
CIU2030000100000A,2014,Q04,2.7
CIU2030000100000A,2014,Q03,2.4
CIU2030000100000A,2014,Q02,2.6
CIU2030000100000A,2014,Q01,2.0
CIU2030000100000A,2013,Q04,2.0
CIU2030000100000A,2013,Q03,2.1
CIU2030000100000A,2013,Q02,1.8
CIU2030000100000A,2013,Q01,1.6
CIU2030000100000A,2012,Q04,2.3
CIU2030000100000A,2012,Q03,2.6
CIU2030000100000A,2012,Q02,2.3
CIU2030000100000A,2012,Q01,3.0
CIU2030000100000A,2011,Q04,3.6
CIU2030000100000A,2011,Q03,3.3
CIU2030000100000A,2011,Q02,3.9
CIU2030000100000A,2011,Q01,2.9
CIU2030000100000A,2010,Q04,2.2
CIU2030000100000A,2010,Q03,1.9
CIU2030000100000A,2010,Q02,1.6
CIU2030000100000A,2010,Q01,1.3
CIU2030000100000I,2024,Q04,158.6
CIU2030000100000I,2024,Q03,158.0
CIU2030000100000I,2024,Q02,157.4
CIU2030000100000I,2024,Q01,156.1
CIU2030000100000I,2023,Q04,153.5
CIU2030000100000I,2023,Q03,153.1
CIU2030000100000I,2023,Q02,152.2
CIU2030000100000I,2023,Q01,150.5
CIU2030000100000I,2022,Q04,147.9
CIU2030000100000I,2022,Q03,146.9
CIU2030000100000I,2022,Q02,146.0
CIU2030000100000I,2022,Q01,144.2
CIU2030000100000I,2021,Q04,141.3
CIU2030000100000I,2021,Q03,140.3
CIU2030000100000I,2021,Q02,139.1
CIU2030000100000I,2021,Q01,138.6
CIU2030000100000I,2020,Q04,137.2
CIU2030000100000I,2020,Q03,136.9
CIU2030000100000I,2020,Q02,136.3
CIU2030000100000I,2020,Q01,135.4
CIU2030000100000I,2019,Q04,134.8
CIU2030000100000I,2019,Q03,134.5
CIU2030000100000I,2019,Q02,133.9
CIU2030000100000I,2019,Q01,133.3
CIU2030000100000I,2018,Q04,132.1
CIU2030000100000I,2018,Q03,131.7
CIU2030000100000I,2018,Q02,131.7
CIU2030000100000I,2018,Q01,130.6
CIU2030000100000I,2017,Q04,129.1
CIU2030000100000I,2017,Q03,128.9
CIU2030000100000I,2017,Q02,128.3
CIU2030000100000I,2017,Q01,127.4
CIU2030000100000I,2016,Q04,126.0
CIU2030000100000I,2016,Q03,125.8
CIU2030000100000I,2016,Q02,125.4
CIU2030000100000I,2016,Q01,125.1
CIU2030000100000I,2015,Q04,124.5
CIU2030000100000I,2015,Q03,124.3
CIU2030000100000I,2015,Q02,124.1
CIU2030000100000I,2015,Q01,124.7
CIU2030000100000I,2014,Q04,123.4
CIU2030000100000I,2014,Q03,123.1
CIU2030000100000I,2014,Q02,122.6
CIU2030000100000I,2014,Q01,121.1
CIU2030000100000I,2013,Q04,120.2
CIU2030000100000I,2013,Q03,120.2
CIU2030000100000I,2013,Q02,119.5
CIU2030000100000I,2013,Q01,118.7
CIU2030000100000I,2012,Q04,117.9
CIU2030000100000I,2012,Q03,117.7
CIU2030000100000I,2012,Q02,117.4
CIU2030000100000I,2012,Q01,116.8
CIU2030000100000I,2011,Q04,115.2
CIU2030000100000I,2011,Q03,114.7
CIU2030000100000I,2011,Q02,114.8
CIU2030000100000I,2011,Q01,113.4
CIU2030000100000I,2010,Q04,111.2
CIU2030000100000I,2010,Q03,111.0
CIU2030000100000I,2010,Q02,110.5
CIU2030000100000I,2010,Q01,110.2
CIU2030000100000Q,2024,Q04,0.4
CIU2030000100000Q,2024,Q03,0.4
CIU2030000100000Q,2024,Q02,0.8
CIU2030000100000Q,2024,Q01,1.7
CIU2030000100000Q,2023,Q04,0.3
CIU2030000100000Q,2023,Q03,0.6
CIU2030000100000Q,2023,Q02,1.1
CIU2030000100000Q,2023,Q01,1.8
CIU2030000100000Q,2022,Q04,0.7
CIU2030000100000Q,2022,Q03,0.6
CIU2030000100000Q,2022,Q02,1.2
CIU2030000100000Q,2022,Q01,2.1
CIU2030000100000Q,2021,Q04,0.7
CIU2030000100000Q,2021,Q03,0.9
CIU2030000100000Q,2021,Q02,0.4
CIU2030000100000Q,2021,Q01,1.0
CIU2030000100000Q,2020,Q04,0.2
CIU2030000100000Q,2020,Q03,0.4
CIU2030000100000Q,2020,Q02,0.7
CIU2030000100000Q,2020,Q01,0.4
CIU2030000100000Q,2019,Q04,0.2
CIU2030000100000Q,2019,Q03,0.4
CIU2030000100000Q,2019,Q02,0.5
CIU2030000100000Q,2019,Q01,0.9
CIU2030000100000Q,2018,Q04,0.3
CIU2030000100000Q,2018,Q03,0.0
CIU2030000100000Q,2018,Q02,0.8
CIU2030000100000Q,2018,Q01,1.2
CIU2030000100000Q,2017,Q04,0.2
CIU2030000100000Q,2017,Q03,0.5
CIU2030000100000Q,2017,Q02,0.7
CIU2030000100000Q,2017,Q01,1.1
CIU2030000100000Q,2016,Q04,0.2
CIU2030000100000Q,2016,Q03,0.3
CIU2030000100000Q,2016,Q02,0.2
CIU2030000100000Q,2016,Q01,0.5
CIU2030000100000Q,2015,Q04,0.2
CIU2030000100000Q,2015,Q03,0.2
CIU2030000100000Q,2015,Q02,-0.5
CIU2030000100000Q,2015,Q01,1.1
CIU2030000100000Q,2014,Q04,0.2
CIU2030000100000Q,2014,Q03,0.4
CIU2030000100000Q,2014,Q02,1.2
CIU2030000100000Q,2014,Q01,0.7
CIU2030000100000Q,2013,Q04,0.0
CIU2030000100000Q,2013,Q03,0.6
CIU2030000100000Q,2013,Q02,0.7
CIU2030000100000Q,2013,Q01,0.7
CIU2030000100000Q,2012,Q04,0.2
CIU2030000100000Q,2012,Q03,0.3
CIU2030000100000Q,2012,Q02,0.5
CIU2030000100000Q,2012,Q01,1.4
CIU2030000100000Q,2011,Q04,0.4
CIU2030000100000Q,2011,Q03,-0.1
CIU2030000100000Q,2011,Q02,1.2
CIU2030000100000Q,2011,Q01,2.0
CIU2030000100000Q,2010,Q04,0.2
CIU2030000100000Q,2010,Q03,0.5
CIU2030000100000Q,2010,Q02,0.3
CIU2030000100000Q,2010,Q01,1.3
CIU2030000200000A,2024,Q04,2.8
CIU2030000200000A,2024,Q03,2.7
CIU2030000200000A,2024,Q02,2.7
CIU2030000200000A,2024,Q01,3.3
CIU2030000200000A,2023,Q04,3.3
CIU2030000200000A,2023,Q03,3.8
CIU2030000200000A,2023,Q02,4.2
CIU2030000200000A,2023,Q01,4.9
CIU2030000200000A,2022,Q04,5.9
CIU2030000200000A,2022,Q03,6.1
CIU2030000200000A,2022,Q02,6.0
CIU2030000200000A,2022,Q01,4.4
CIU2030000200000A,2021,Q04,2.7
CIU2030000200000A,2021,Q03,2.4
CIU2030000200000A,2021,Q02,1.9
CIU2030000200000A,2021,Q01,2.7
CIU2030000200000A,2020,Q04,2.3
CIU2030000200000A,2020,Q03,1.8
CIU2030000200000A,2020,Q02,1.9
CIU2030000200000A,2020,Q01,1.6
CIU2030000200000A,2019,Q04,1.8
CIU2030000200000A,2019,Q03,2.1
CIU2030000200000A,2019,Q02,2.3
CIU2030000200000A,2019,Q01,2.9
CIU2030000200000A,2018,Q04,3.4
CIU2030000200000A,2018,Q03,3.1
CIU2030000200000A,2018,Q02,3.1
CIU2030000200000A,2018,Q01,2.4
CIU2030000200000A,2017,Q04,1.9
CIU2030000200000A,2017,Q03,1.9
CIU2030000200000A,2017,Q02,1.9
CIU2030000200000A,2017,Q01,2.0
CIU2030000200000A,2016,Q04,2.7
CIU2030000200000A,2016,Q03,2.9
CIU2030000200000A,2016,Q02,2.9
CIU2030000200000A,2016,Q01,2.4
CIU2030000200000A,2015,Q04,1.3
CIU2030000200000A,2015,Q03,1.4
CIU2030000200000A,2015,Q02,1.1
CIU2030000200000A,2015,Q01,2.1
CIU2030000200000A,2014,Q04,2.4
CIU2030000200000A,2014,Q03,2.4
CIU2030000200000A,2014,Q02,2.7
CIU2030000200000A,2014,Q01,1.8
CIU2030000200000A,2013,Q04,2.5
CIU2030000200000A,2013,Q03,2.3
CIU2030000200000A,2013,Q02,1.7
CIU2030000200000A,2013,Q01,2.1
CIU2030000200000A,2012,Q04,1.8
CIU2030000200000A,2012,Q03,1.9
CIU2030000200000A,2012,Q02,2.3
CIU2030000200000A,2012,Q01,2.9
CIU2030000200000A,2011,Q04,3.3
CIU2030000200000A,2011,Q03,3.2
CIU2030000200000A,2011,Q02,3.5
CIU2030000200000A,2011,Q01,2.9
CIU2030000200000A,2010,Q04,2.9
CIU2030000200000A,2010,Q03,2.9
CIU2030000200000A,2010,Q02,2.8
CIU2030000200000A,2010,Q01,2.0
CIU2030000200000I,2024,Q04,162.7
CIU2030000200000I,2024,Q03,162.3
CIU2030000200000I,2024,Q02,161.7
CIU2030000200000I,2024,Q01,160.7
CIU2030000200000I,2023,Q04,158.3
CIU2030000200000I,2023,Q03,158.0
CIU2030000200000I,2023,Q02,157.4
CIU2030000200000I,2023,Q01,155.5
CIU2030000200000I,2022,Q04,153.2
CIU2030000200000I,2022,Q03,152.2
CIU2030000200000I,2022,Q02,151.0
CIU2030000200000I,2022,Q01,148.3
CIU2030000200000I,2021,Q04,144.7
CIU2030000200000I,2021,Q03,143.5
CIU2030000200000I,2021,Q02,142.5
CIU2030000200000I,2021,Q01,142.1
CIU2030000200000I,2020,Q04,140.9
CIU2030000200000I,2020,Q03,140.1
CIU2030000200000I,2020,Q02,139.8
CIU2030000200000I,2020,Q01,138.4
CIU2030000200000I,2019,Q04,137.7
CIU2030000200000I,2019,Q03,137.6
CIU2030000200000I,2019,Q02,137.2
CIU2030000200000I,2019,Q01,136.2
CIU2030000200000I,2018,Q04,135.3
CIU2030000200000I,2018,Q03,134.8
CIU2030000200000I,2018,Q02,134.1
CIU2030000200000I,2018,Q01,132.4
CIU2030000200000I,2017,Q04,130.8
CIU2030000200000I,2017,Q03,130.8
CIU2030000200000I,2017,Q02,130.1
CIU2030000200000I,2017,Q01,129.3
CIU2030000200000I,2016,Q04,128.4
CIU2030000200000I,2016,Q03,128.3
CIU2030000200000I,2016,Q02,127.7
CIU2030000200000I,2016,Q01,126.8
CIU2030000200000I,2015,Q04,125.0
CIU2030000200000I,2015,Q03,124.7
CIU2030000200000I,2015,Q02,124.1
CIU2030000200000I,2015,Q01,123.8
CIU2030000200000I,2014,Q04,123.4
CIU2030000200000I,2014,Q03,123.0
CIU2030000200000I,2014,Q02,122.8
CIU2030000200000I,2014,Q01,121.3
CIU2030000200000I,2013,Q04,120.5
CIU2030000200000I,2013,Q03,120.1
CIU2030000200000I,2013,Q02,119.6
CIU2030000200000I,2013,Q01,119.1
CIU2030000200000I,2012,Q04,117.6
CIU2030000200000I,2012,Q03,117.4
CIU2030000200000I,2012,Q02,117.6
CIU2030000200000I,2012,Q01,116.7
CIU2030000200000I,2011,Q04,115.5
CIU2030000200000I,2011,Q03,115.2
CIU2030000200000I,2011,Q02,115.0
CIU2030000200000I,2011,Q01,113.4
CIU2030000200000I,2010,Q04,111.8
CIU2030000200000I,2010,Q03,111.6
CIU2030000200000I,2010,Q02,111.1
CIU2030000200000I,2010,Q01,110.2
CIU2030000200000Q,2024,Q04,0.2
CIU2030000200000Q,2024,Q03,0.4
CIU2030000200000Q,2024,Q02,0.6
CIU2030000200000Q,2024,Q01,1.5
CIU2030000200000Q,2023,Q04,0.2
CIU2030000200000Q,2023,Q03,0.4
CIU2030000200000Q,2023,Q02,1.2
CIU2030000200000Q,2023,Q01,1.5
CIU2030000200000Q,2022,Q04,0.7
CIU2030000200000Q,2022,Q03,0.8
CIU2030000200000Q,2022,Q02,1.8
CIU2030000200000Q,2022,Q01,2.5
CIU2030000200000Q,2021,Q04,0.8
CIU2030000200000Q,2021,Q03,0.7
CIU2030000200000Q,2021,Q02,0.3
CIU2030000200000Q,2021,Q01,0.9
CIU2030000200000Q,2020,Q04,0.6
CIU2030000200000Q,2020,Q03,0.2
CIU2030000200000Q,2020,Q02,1.0
CIU2030000200000Q,2020,Q01,0.5
CIU2030000200000Q,2019,Q04,0.1
CIU2030000200000Q,2019,Q03,0.3
CIU2030000200000Q,2019,Q02,0.7
CIU2030000200000Q,2019,Q01,0.7
CIU2030000200000Q,2018,Q04,0.4
CIU2030000200000Q,2018,Q03,0.5
CIU2030000200000Q,2018,Q02,1.3
CIU2030000200000Q,2018,Q01,1.2
CIU2030000200000Q,2017,Q04,0.0
CIU2030000200000Q,2017,Q03,0.5
CIU2030000200000Q,2017,Q02,0.6
CIU2030000200000Q,2017,Q01,0.7
CIU2030000200000Q,2016,Q04,0.1
CIU2030000200000Q,2016,Q03,0.5
CIU2030000200000Q,2016,Q02,0.7
CIU2030000200000Q,2016,Q01,1.4
CIU2030000200000Q,2015,Q04,0.2
CIU2030000200000Q,2015,Q03,0.5
CIU2030000200000Q,2015,Q02,0.2
CIU2030000200000Q,2015,Q01,0.3
CIU2030000200000Q,2014,Q04,0.3
CIU2030000200000Q,2014,Q03,0.2
CIU2030000200000Q,2014,Q02,1.2
CIU2030000200000Q,2014,Q01,0.7
CIU2030000200000Q,2013,Q04,0.3
CIU2030000200000Q,2013,Q03,0.4
CIU2030000200000Q,2013,Q02,0.4
CIU2030000200000Q,2013,Q01,1.3
CIU2030000200000Q,2012,Q04,0.2
CIU2030000200000Q,2012,Q03,-0.2
CIU2030000200000Q,2012,Q02,0.8
CIU2030000200000Q,2012,Q01,1.0
CIU2030000200000Q,2011,Q04,0.3
CIU2030000200000Q,2011,Q03,0.2
CIU2030000200000Q,2011,Q02,1.4
CIU2030000200000Q,2011,Q01,1.4
CIU2030000200000Q,2010,Q04,0.2
CIU2030000200000Q,2010,Q03,0.5
CIU2030000200000Q,2010,Q02,0.8
CIU2030000200000Q,2010,Q01,1.4
CIU2030000300000A,2024,Q04,3.6
CIU2030000300000A,2024,Q03,3.5
CIU2030000300000A,2024,Q02,3.4
CIU2030000300000A,2024,Q01,2.7
CIU2030000300000A,2023,Q04,2.8
CIU2030000300000A,2023,Q03,3.4
CIU2030000300000A,2023,Q02,3.9
CIU2030000300000A,2023,Q01,4.9
CIU2030000300000A,2022,Q04,6.0
CIU2030000300000A,2022,Q03,6.1
CIU2030000300000A,2022,Q02,6.2
CIU2030000300000A,2022,Q01,5.1
CIU2030000300000A,2021,Q04,3.7
CIU2030000300000A,2021,Q03,3.3
CIU2030000300000A,2021,Q02,2.5
CIU2030000300000A,2021,Q01,2.8
CIU2030000300000A,2020,Q04,2.4
CIU2030000300000A,2020,Q03,2.4
CIU2030000300000A,2020,Q02,2.2
CIU2030000300000A,2020,Q01,2.0
CIU2030000300000A,2019,Q04,2.0
CIU2030000300000A,2019,Q03,1.9
CIU2030000300000A,2019,Q02,2.3
CIU2030000300000A,2019,Q01,1.8
CIU2030000300000A,2018,Q04,2.4
CIU2030000300000A,2018,Q03,2.4
CIU2030000300000A,2018,Q02,2.3
CIU2030000300000A,2018,Q01,2.3
CIU2030000300000A,2017,Q04,2.0
CIU2030000300000A,2017,Q03,2.1
CIU2030000300000A,2017,Q02,2.1
CIU2030000300000A,2017,Q01,2.3
CIU2030000300000A,2016,Q04,2.3
CIU2030000300000A,2016,Q03,2.3
CIU2030000300000A,2016,Q02,2.2
CIU2030000300000A,2016,Q01,1.9
CIU2030000300000A,2015,Q04,1.7
CIU2030000300000A,2015,Q03,1.8
CIU2030000300000A,2015,Q02,1.8
CIU2030000300000A,2015,Q01,1.7
CIU2030000300000A,2014,Q04,1.0
CIU2030000300000A,2014,Q03,0.7
CIU2030000300000A,2014,Q02,0.6
CIU2030000300000A,2014,Q01,0.9
CIU2030000300000A,2013,Q04,1.5
CIU2030000300000A,2013,Q03,1.7
CIU2030000300000A,2013,Q02,1.8
CIU2030000300000A,2013,Q01,1.6
CIU2030000300000A,2012,Q04,2.4
CIU2030000300000A,2012,Q03,2.4
CIU2030000300000A,2012,Q02,1.9
CIU2030000300000A,2012,Q01,2.3
CIU2030000300000A,2011,Q04,2.6
CIU2030000300000A,2011,Q03,2.4
CIU2030000300000A,2011,Q02,3.2
CIU2030000300000A,2011,Q01,3.4
CIU2030000300000A,2010,Q04,2.7
CIU2030000300000A,2010,Q03,2.5
CIU2030000300000A,2010,Q02,2.3
CIU2030000300000A,2010,Q01,1.8
CIU2030000300000I,2024,Q04,162.6
CIU2030000300000I,2024,Q03,162.0
CIU2030000300000I,2024,Q02,160.8
CIU2030000300000I,2024,Q01,158.7
CIU2030000300000I,2023,Q04,156.9
CIU2030000300000I,2023,Q03,156.5
CIU2030000300000I,2023,Q02,155.5
CIU2030000300000I,2023,Q01,154.5
CIU2030000300000I,2022,Q04,152.7
CIU2030000300000I,2022,Q03,151.3
CIU2030000300000I,2022,Q02,149.6
CIU2030000300000I,2022,Q01,147.3
CIU2030000300000I,2021,Q04,144.0
CIU2030000300000I,2021,Q03,142.6
CIU2030000300000I,2021,Q02,140.8
CIU2030000300000I,2021,Q01,140.1
CIU2030000300000I,2020,Q04,138.8
CIU2030000300000I,2020,Q03,138.0
CIU2030000300000I,2020,Q02,137.4
CIU2030000300000I,2020,Q01,136.3
CIU2030000300000I,2019,Q04,135.5
CIU2030000300000I,2019,Q03,134.8
CIU2030000300000I,2019,Q02,134.5
CIU2030000300000I,2019,Q01,133.6
CIU2030000300000I,2018,Q04,132.8
CIU2030000300000I,2018,Q03,132.3
CIU2030000300000I,2018,Q02,131.5
CIU2030000300000I,2018,Q01,131.3
CIU2030000300000I,2017,Q04,129.7
CIU2030000300000I,2017,Q03,129.2
CIU2030000300000I,2017,Q02,128.6
CIU2030000300000I,2017,Q01,128.3
CIU2030000300000I,2016,Q04,127.1
CIU2030000300000I,2016,Q03,126.6
CIU2030000300000I,2016,Q02,126.0
CIU2030000300000I,2016,Q01,125.4
CIU2030000300000I,2015,Q04,124.3
CIU2030000300000I,2015,Q03,123.8
CIU2030000300000I,2015,Q02,123.3
CIU2030000300000I,2015,Q01,123.1
CIU2030000300000I,2014,Q04,122.2
CIU2030000300000I,2014,Q03,121.6
CIU2030000300000I,2014,Q02,121.1
CIU2030000300000I,2014,Q01,121.1
CIU2030000300000I,2013,Q04,121.0
CIU2030000300000I,2013,Q03,120.7
CIU2030000300000I,2013,Q02,120.4
CIU2030000300000I,2013,Q01,120.0
CIU2030000300000I,2012,Q04,119.2
CIU2030000300000I,2012,Q03,118.7
CIU2030000300000I,2012,Q02,118.3
CIU2030000300000I,2012,Q01,118.1
CIU2030000300000I,2011,Q04,116.4
CIU2030000300000I,2011,Q03,115.9
CIU2030000300000I,2011,Q02,116.1
CIU2030000300000I,2011,Q01,115.5
CIU2030000300000I,2010,Q04,113.5
CIU2030000300000I,2010,Q03,113.2
CIU2030000300000I,2010,Q02,112.5
CIU2030000300000I,2010,Q01,111.7
CIU2030000300000Q,2024,Q04,0.4
CIU2030000300000Q,2024,Q03,0.7
CIU2030000300000Q,2024,Q02,1.3
CIU2030000300000Q,2024,Q01,1.1
CIU2030000300000Q,2023,Q04,0.3
CIU2030000300000Q,2023,Q03,0.6
CIU2030000300000Q,2023,Q02,0.6
CIU2030000300000Q,2023,Q01,1.2
CIU2030000300000Q,2022,Q04,0.9
CIU2030000300000Q,2022,Q03,1.1
CIU2030000300000Q,2022,Q02,1.6
CIU2030000300000Q,2022,Q01,2.3
CIU2030000300000Q,2021,Q04,1.0
CIU2030000300000Q,2021,Q03,1.3
CIU2030000300000Q,2021,Q02,0.5
CIU2030000300000Q,2021,Q01,0.9
CIU2030000300000Q,2020,Q04,0.6
CIU2030000300000Q,2020,Q03,0.4
CIU2030000300000Q,2020,Q02,0.8
CIU2030000300000Q,2020,Q01,0.6
CIU2030000300000Q,2019,Q04,0.5
CIU2030000300000Q,2019,Q03,0.2
CIU2030000300000Q,2019,Q02,0.7
CIU2030000300000Q,2019,Q01,0.6
CIU2030000300000Q,2018,Q04,0.4
CIU2030000300000Q,2018,Q03,0.6
CIU2030000300000Q,2018,Q02,0.2
CIU2030000300000Q,2018,Q01,1.2
CIU2030000300000Q,2017,Q04,0.4
CIU2030000300000Q,2017,Q03,0.5
CIU2030000300000Q,2017,Q02,0.2
CIU2030000300000Q,2017,Q01,0.9
CIU2030000300000Q,2016,Q04,0.4
CIU2030000300000Q,2016,Q03,0.5
CIU2030000300000Q,2016,Q02,0.5
CIU2030000300000Q,2016,Q01,0.9
CIU2030000300000Q,2015,Q04,0.4
CIU2030000300000Q,2015,Q03,0.4
CIU2030000300000Q,2015,Q02,0.2
CIU2030000300000Q,2015,Q01,0.7
CIU2030000300000Q,2014,Q04,0.5
CIU2030000300000Q,2014,Q03,0.4
CIU2030000300000Q,2014,Q02,0.0
CIU2030000300000Q,2014,Q01,0.1
CIU2030000300000Q,2013,Q04,0.2
CIU2030000300000Q,2013,Q03,0.2
CIU2030000300000Q,2013,Q02,0.3
CIU2030000300000Q,2013,Q01,0.7
CIU2030000300000Q,2012,Q04,0.4
CIU2030000300000Q,2012,Q03,0.3
CIU2030000300000Q,2012,Q02,0.2
CIU2030000300000Q,2012,Q01,1.5
CIU2030000300000Q,2011,Q04,0.4
CIU2030000300000Q,2011,Q03,-0.2
CIU2030000300000Q,2011,Q02,0.5
CIU2030000300000Q,2011,Q01,1.8
CIU2030000300000Q,2010,Q04,0.3
CIU2030000300000Q,2010,Q03,0.6
CIU2030000300000Q,2010,Q02,0.7
CIU2030000300000Q,2010,Q01,1.1
CIU2030000400000A,2024,Q04,2.6
CIU2030000400000A,2024,Q03,2.6
CIU2030000400000A,2024,Q02,3.0
CIU2030000400000A,2024,Q01,3.6
CIU2030000400000A,2023,Q04,3.4
CIU2030000400000A,2023,Q03,3.3
CIU2030000400000A,2023,Q02,3.0
CIU2030000400000A,2023,Q01,3.2
CIU2030000400000A,2022,Q04,3.4
CIU2030000400000A,2022,Q03,3.6
CIU2030000400000A,2022,Q02,3.7
CIU2030000400000A,2022,Q01,3.1
CIU2030000400000A,2021,Q04,2.8
CIU2030000400000A,2021,Q03,2.5
CIU2030000400000A,2021,Q02,2.2
CIU2030000400000A,2021,Q01,2.1
CIU2030000400000A,2020,Q04,1.9
CIU2030000400000A,2020,Q03,1.8
CIU2030000400000A,2020,Q02,2.2
CIU2030000400000A,2020,Q01,1.3
CIU2030000400000A,2019,Q04,1.5
CIU2030000400000A,2019,Q03,1.6
CIU2030000400000A,2019,Q02,1.1
CIU2030000400000A,2019,Q01,3.3
CIU2030000400000A,2018,Q04,3.0
CIU2030000400000A,2018,Q03,3.1
CIU2030000400000A,2018,Q02,3.4
CIU2030000400000A,2018,Q01,2.3
CIU2030000400000A,2017,Q04,2.3
CIU2030000400000A,2017,Q03,2.3
CIU2030000400000A,2017,Q02,2.0
CIU2030000400000A,2017,Q01,1.6
CIU2030000400000A,2016,Q04,1.6
CIU2030000400000A,2016,Q03,1.4
CIU2030000400000A,2016,Q02,1.6
CIU2030000400000A,2016,Q01,0.7
CIU2030000400000A,2015,Q04,0.6
CIU2030000400000A,2015,Q03,0.6
CIU2030000400000A,2015,Q02,0.6
CIU2030000400000A,2015,Q01,3.0
CIU2030000400000A,2014,Q04,3.4
CIU2030000400000A,2014,Q03,3.3
CIU2030000400000A,2014,Q02,3.4
CIU2030000400000A,2014,Q01,1.9
CIU2030000400000A,2013,Q04,2.2
CIU2030000400000A,2013,Q03,2.2
CIU2030000400000A,2013,Q02,2.6
CIU2030000400000A,2013,Q01,3.1
CIU2030000400000A,2012,Q04,2.9
CIU2030000400000A,2012,Q03,3.3
CIU2030000400000A,2012,Q02,2.8
CIU2030000400000A,2012,Q01,3.3
CIU2030000400000A,2011,Q04,3.2
CIU2030000400000A,2011,Q03,2.8
CIU2030000400000A,2011,Q02,3.1
CIU2030000400000A,2011,Q01,2.3
CIU2030000400000A,2010,Q04,3.4
CIU2030000400000A,2010,Q03,3.5
CIU2030000400000A,2010,Q02,3.3
CIU2030000400000A,2010,Q01,3.0
CIU2030000400000I,2024,Q04,159.7
CIU2030000400000I,2024,Q03,159.0
CIU2030000400000I,2024,Q02,158.1
CIU2030000400000I,2024,Q01,157.3
CIU2030000400000I,2023,Q04,155.7
CIU2030000400000I,2023,Q03,154.9
CIU2030000400000I,2023,Q02,153.5
CIU2030000400000I,2023,Q01,151.8
CIU2030000400000I,2022,Q04,150.6
CIU2030000400000I,2022,Q03,150.0
CIU2030000400000I,2022,Q02,149.1
CIU2030000400000I,2022,Q01,147.1
CIU2030000400000I,2021,Q04,145.6
CIU2030000400000I,2021,Q03,144.8
CIU2030000400000I,2021,Q02,143.8
CIU2030000400000I,2021,Q01,142.7
CIU2030000400000I,2020,Q04,141.6
CIU2030000400000I,2020,Q03,141.2
CIU2030000400000I,2020,Q02,140.7
CIU2030000400000I,2020,Q01,139.7
CIU2030000400000I,2019,Q04,139.0
CIU2030000400000I,2019,Q03,138.7
CIU2030000400000I,2019,Q02,137.7
CIU2030000400000I,2019,Q01,137.9
CIU2030000400000I,2018,Q04,136.9
CIU2030000400000I,2018,Q03,136.5
CIU2030000400000I,2018,Q02,136.2
CIU2030000400000I,2018,Q01,133.5
CIU2030000400000I,2017,Q04,132.9
CIU2030000400000I,2017,Q03,132.4
CIU2030000400000I,2017,Q02,131.7
CIU2030000400000I,2017,Q01,130.5
CIU2030000400000I,2016,Q04,129.9
CIU2030000400000I,2016,Q03,129.4
CIU2030000400000I,2016,Q02,129.1
CIU2030000400000I,2016,Q01,128.5
CIU2030000400000I,2015,Q04,127.9
CIU2030000400000I,2015,Q03,127.6
CIU2030000400000I,2015,Q02,127.1
CIU2030000400000I,2015,Q01,127.6
CIU2030000400000I,2014,Q04,127.1
CIU2030000400000I,2014,Q03,126.8
CIU2030000400000I,2014,Q02,126.3
CIU2030000400000I,2014,Q01,123.9
CIU2030000400000I,2013,Q04,122.9
CIU2030000400000I,2013,Q03,122.7
CIU2030000400000I,2013,Q02,122.2
CIU2030000400000I,2013,Q01,121.6
CIU2030000400000I,2012,Q04,120.2
CIU2030000400000I,2012,Q03,120.0
CIU2030000400000I,2012,Q02,119.1
CIU2030000400000I,2012,Q01,117.9
CIU2030000400000I,2011,Q04,116.8
CIU2030000400000I,2011,Q03,116.2
CIU2030000400000I,2011,Q02,115.9
CIU2030000400000I,2011,Q01,114.1
CIU2030000400000I,2010,Q04,113.2
CIU2030000400000I,2010,Q03,113.0
CIU2030000400000I,2010,Q02,112.4
CIU2030000400000I,2010,Q01,111.5
CIU2030000400000Q,2024,Q04,0.4
CIU2030000400000Q,2024,Q03,0.6
CIU2030000400000Q,2024,Q02,0.5
CIU2030000400000Q,2024,Q01,1.0
CIU2030000400000Q,2023,Q04,0.5
CIU2030000400000Q,2023,Q03,0.9
CIU2030000400000Q,2023,Q02,1.1
CIU2030000400000Q,2023,Q01,0.8
CIU2030000400000Q,2022,Q04,0.4
CIU2030000400000Q,2022,Q03,0.6
CIU2030000400000Q,2022,Q02,1.4
CIU2030000400000Q,2022,Q01,1.0
CIU2030000400000Q,2021,Q04,0.6
CIU2030000400000Q,2021,Q03,0.7
CIU2030000400000Q,2021,Q02,0.8
CIU2030000400000Q,2021,Q01,0.8
CIU2030000400000Q,2020,Q04,0.3
CIU2030000400000Q,2020,Q03,0.4
CIU2030000400000Q,2020,Q02,0.7
CIU2030000400000Q,2020,Q01,0.5
CIU2030000400000Q,2019,Q04,0.2
CIU2030000400000Q,2019,Q03,0.7
CIU2030000400000Q,2019,Q02,-0.1
CIU2030000400000Q,2019,Q01,0.7
CIU2030000400000Q,2018,Q04,0.3
CIU2030000400000Q,2018,Q03,0.2
CIU2030000400000Q,2018,Q02,2.0
CIU2030000400000Q,2018,Q01,0.5
CIU2030000400000Q,2017,Q04,0.4
CIU2030000400000Q,2017,Q03,0.5
CIU2030000400000Q,2017,Q02,0.9
CIU2030000400000Q,2017,Q01,0.5
CIU2030000400000Q,2016,Q04,0.4
CIU2030000400000Q,2016,Q03,0.2
CIU2030000400000Q,2016,Q02,0.5
CIU2030000400000Q,2016,Q01,0.5
CIU2030000400000Q,2015,Q04,0.2
CIU2030000400000Q,2015,Q03,0.4
CIU2030000400000Q,2015,Q02,-0.4
CIU2030000400000Q,2015,Q01,0.4
CIU2030000400000Q,2014,Q04,0.2
CIU2030000400000Q,2014,Q03,0.4
CIU2030000400000Q,2014,Q02,1.9
CIU2030000400000Q,2014,Q01,0.8
CIU2030000400000Q,2013,Q04,0.2
CIU2030000400000Q,2013,Q03,0.4
CIU2030000400000Q,2013,Q02,0.5
CIU2030000400000Q,2013,Q01,1.2
CIU2030000400000Q,2012,Q04,0.2
CIU2030000400000Q,2012,Q03,0.8
CIU2030000400000Q,2012,Q02,1.0
CIU2030000400000Q,2012,Q01,0.9
CIU2030000400000Q,2011,Q04,0.5
CIU2030000400000Q,2011,Q03,0.3
CIU2030000400000Q,2011,Q02,1.6
CIU2030000400000Q,2011,Q01,0.8
CIU2030000400000Q,2010,Q04,0.2
CIU2030000400000Q,2010,Q03,0.5
CIU2030000400000Q,2010,Q02,0.8
CIU2030000400000Q,2010,Q01,1.8
CIU2030000500000A,2024,Q04,4.2
CIU2030000500000A,2024,Q03,4.8
CIU2030000500000A,2024,Q02,5.0
CIU2030000500000A,2024,Q01,3.7
CIU2030000500000A,2023,Q04,4.0
CIU2030000500000A,2023,Q03,3.4
CIU2030000500000A,2023,Q02,3.3
CIU2030000500000A,2023,Q01,3.4
CIU2030000500000A,2022,Q04,4.1
CIU2030000500000A,2022,Q03,4.2
CIU2030000500000A,2022,Q02,5.3
CIU2030000500000A,2022,Q01,4.7
CIU2030000500000A,2021,Q04,2.9
CIU2030000500000A,2021,Q03,3.0
CIU2030000500000A,2021,Q02,1.9
CIU2030000500000A,2021,Q01,2.5
CIU2030000500000A,2020,Q04,2.9
CIU2030000500000A,2020,Q03,2.5
CIU2030000500000A,2020,Q02,2.4
CIU2030000500000A,2020,Q01,1.9
CIU2030000500000A,2019,Q04,2.1
CIU2030000500000A,2019,Q03,1.9
CIU2030000500000A,2019,Q02,1.8
CIU2030000500000A,2019,Q01,1.8
CIU2030000500000A,2018,Q04,1.8
CIU2030000500000A,2018,Q03,1.9
CIU2030000500000A,2018,Q02,2.9
CIU2030000500000A,2018,Q01,3.0
CIU2030000500000A,2017,Q04,2.7
CIU2030000500000A,2017,Q03,2.8
CIU2030000500000A,2017,Q02,2.2
CIU2030000500000A,2017,Q01,2.0
CIU2030000500000A,2016,Q04,2.0
CIU2030000500000A,2016,Q03,2.0
CIU2030000500000A,2016,Q02,2.0
CIU2030000500000A,2016,Q01,2.3
CIU2030000500000A,2015,Q04,2.7
CIU2030000500000A,2015,Q03,2.7
CIU2030000500000A,2015,Q02,2.7
CIU2030000500000A,2015,Q01,2.5
CIU2030000500000A,2014,Q04,2.2
CIU2030000500000A,2014,Q03,2.0
CIU2030000500000A,2014,Q02,1.6
CIU2030000500000A,2014,Q01,1.5
CIU2030000500000A,2013,Q04,1.3
CIU2030000500000A,2013,Q03,1.4
CIU2030000500000A,2013,Q02,1.7
CIU2030000500000A,2013,Q01,2.2
CIU2030000500000A,2012,Q04,0.9
CIU2030000500000A,2012,Q03,1.1
CIU2030000500000A,2012,Q02,0.5
CIU2030000500000A,2012,Q01,2.3
CIU2030000500000A,2011,Q04,4.5
CIU2030000500000A,2011,Q03,4.0
CIU2030000500000A,2011,Q02,5.1
CIU2030000500000A,2011,Q01,3.2
CIU2030000500000A,2010,Q04,4.3
CIU2030000500000A,2010,Q03,4.4
CIU2030000500000A,2010,Q02,3.7
CIU2030000500000A,2010,Q01,3.4
CIU2030000500000I,2024,Q04,163.1
CIU2030000500000I,2024,Q03,162.4
CIU2030000500000I,2024,Q02,161.7
CIU2030000500000I,2024,Q01,158.3
CIU2030000500000I,2023,Q04,156.6
CIU2030000500000I,2023,Q03,154.9
CIU2030000500000I,2023,Q02,154.0
CIU2030000500000I,2023,Q01,152.6
CIU2030000500000I,2022,Q04,150.6
CIU2030000500000I,2022,Q03,149.8
CIU2030000500000I,2022,Q02,149.1
CIU2030000500000I,2022,Q01,147.6
CIU2030000500000I,2021,Q04,144.6
CIU2030000500000I,2021,Q03,143.7
CIU2030000500000I,2021,Q02,141.6
CIU2030000500000I,2021,Q01,141.0
CIU2030000500000I,2020,Q04,140.5
CIU2030000500000I,2020,Q03,139.5
CIU2030000500000I,2020,Q02,138.9
CIU2030000500000I,2020,Q01,137.6
CIU2030000500000I,2019,Q04,136.6
CIU2030000500000I,2019,Q03,136.1
CIU2030000500000I,2019,Q02,135.7
CIU2030000500000I,2019,Q01,135.0
CIU2030000500000I,2018,Q04,133.8
CIU2030000500000I,2018,Q03,133.5
CIU2030000500000I,2018,Q02,133.3
CIU2030000500000I,2018,Q01,132.6
CIU2030000500000I,2017,Q04,131.4
CIU2030000500000I,2017,Q03,131.0
CIU2030000500000I,2017,Q02,129.6
CIU2030000500000I,2017,Q01,128.8
CIU2030000500000I,2016,Q04,127.9
CIU2030000500000I,2016,Q03,127.4
CIU2030000500000I,2016,Q02,126.8
CIU2030000500000I,2016,Q01,126.3
CIU2030000500000I,2015,Q04,125.4
CIU2030000500000I,2015,Q03,124.9
CIU2030000500000I,2015,Q02,124.3
CIU2030000500000I,2015,Q01,123.5
CIU2030000500000I,2014,Q04,122.1
CIU2030000500000I,2014,Q03,121.6
CIU2030000500000I,2014,Q02,121.0
CIU2030000500000I,2014,Q01,120.5
CIU2030000500000I,2013,Q04,119.5
CIU2030000500000I,2013,Q03,119.2
CIU2030000500000I,2013,Q02,119.1
CIU2030000500000I,2013,Q01,118.7
CIU2030000500000I,2012,Q04,118.0
CIU2030000500000I,2012,Q03,117.6
CIU2030000500000I,2012,Q02,117.1
CIU2030000500000I,2012,Q01,116.1
CIU2030000500000I,2011,Q04,117.0
CIU2030000500000I,2011,Q03,116.3
CIU2030000500000I,2011,Q02,116.5
CIU2030000500000I,2011,Q01,113.5
CIU2030000500000I,2010,Q04,112.0
CIU2030000500000I,2010,Q03,111.8
CIU2030000500000I,2010,Q02,110.8
CIU2030000500000I,2010,Q01,110.0
CIU2030000500000Q,2024,Q04,0.4
CIU2030000500000Q,2024,Q03,0.4
CIU2030000500000Q,2024,Q02,2.1
CIU2030000500000Q,2024,Q01,1.1
CIU2030000500000Q,2023,Q04,1.1
CIU2030000500000Q,2023,Q03,0.6
CIU2030000500000Q,2023,Q02,0.9
CIU2030000500000Q,2023,Q01,1.3
CIU2030000500000Q,2022,Q04,0.5
CIU2030000500000Q,2022,Q03,0.5
CIU2030000500000Q,2022,Q02,1.0
CIU2030000500000Q,2022,Q01,2.1
CIU2030000500000Q,2021,Q04,0.6
CIU2030000500000Q,2021,Q03,1.5
CIU2030000500000Q,2021,Q02,0.4
CIU2030000500000Q,2021,Q01,0.4
CIU2030000500000Q,2020,Q04,0.7
CIU2030000500000Q,2020,Q03,0.4
CIU2030000500000Q,2020,Q02,0.9
CIU2030000500000Q,2020,Q01,0.7
CIU2030000500000Q,2019,Q04,0.4
CIU2030000500000Q,2019,Q03,0.3
CIU2030000500000Q,2019,Q02,0.5
CIU2030000500000Q,2019,Q01,0.9
CIU2030000500000Q,2018,Q04,0.2
CIU2030000500000Q,2018,Q03,0.2
CIU2030000500000Q,2018,Q02,0.5
CIU2030000500000Q,2018,Q01,0.9
CIU2030000500000Q,2017,Q04,0.3
CIU2030000500000Q,2017,Q03,1.1
CIU2030000500000Q,2017,Q02,0.6
CIU2030000500000Q,2017,Q01,0.7
CIU2030000500000Q,2016,Q04,0.4
CIU2030000500000Q,2016,Q03,0.5
CIU2030000500000Q,2016,Q02,0.4
CIU2030000500000Q,2016,Q01,0.7
CIU2030000500000Q,2015,Q04,0.4
CIU2030000500000Q,2015,Q03,0.5
CIU2030000500000Q,2015,Q02,0.6
CIU2030000500000Q,2015,Q01,1.1
CIU2030000500000Q,2014,Q04,0.4
CIU2030000500000Q,2014,Q03,0.5
CIU2030000500000Q,2014,Q02,0.4
CIU2030000500000Q,2014,Q01,0.8
CIU2030000500000Q,2013,Q04,0.3
CIU2030000500000Q,2013,Q03,0.1
CIU2030000500000Q,2013,Q02,0.3
CIU2030000500000Q,2013,Q01,0.6
CIU2030000500000Q,2012,Q04,0.3
CIU2030000500000Q,2012,Q03,0.4
CIU2030000500000Q,2012,Q02,0.9
CIU2030000500000Q,2012,Q01,-0.8
CIU2030000500000Q,2011,Q04,0.6
CIU2030000500000Q,2011,Q03,-0.2
CIU2030000500000Q,2011,Q02,2.6
CIU2030000500000Q,2011,Q01,1.3
CIU2030000500000Q,2010,Q04,0.2
CIU2030000500000Q,2010,Q03,0.9
CIU2030000500000Q,2010,Q02,0.7
CIU2030000500000Q,2010,Q01,2.4
CIU2033000000000A,2024,Q04,3.2
CIU2033000000000A,2024,Q03,3.3
CIU2033000000000A,2024,Q02,3.6
CIU2033000000000A,2024,Q01,3.4
CIU2033000000000A,2023,Q04,3.3
CIU2033000000000A,2023,Q03,3.2
CIU2033000000000A,2023,Q02,2.7
CIU2033000000000A,2023,Q01,2.4
CIU2033000000000A,2022,Q04,3.8
CIU2033000000000A,2022,Q03,3.7
CIU2033000000000A,2022,Q02,5.4
CIU2033000000000A,2022,Q01,5.0
CIU2033000000000A,2021,Q04,2.9
CIU2033000000000A,2021,Q03,3.1
CIU2033000000000A,2021,Q02,1.6
CIU2033000000000A,2021,Q01,2.1
CIU2033000000000A,2020,Q04,1.8
CIU2033000000000A,2020,Q03,1.4
CIU2033000000000A,2020,Q02,1.8
CIU2033000000000A,2020,Q01,1.3
CIU2033000000000A,2019,Q04,2.2
CIU2033000000000A,2019,Q03,2.2
CIU2033000000000A,2019,Q02,1.0
CIU2033000000000A,2019,Q01,1.1
CIU2033000000000A,2018,Q04,0.9
CIU2033000000000A,2018,Q03,0.9
CIU2033000000000A,2018,Q02,3.3
CIU2033000000000A,2018,Q01,3.3
CIU2033000000000A,2017,Q04,3.0
CIU2033000000000A,2017,Q03,2.9
CIU2033000000000A,2017,Q02,1.5
CIU2033000000000A,2017,Q01,1.5
CIU2033000000000A,2016,Q04,1.5
CIU2033000000000A,2016,Q03,2.1
CIU2033000000000A,2016,Q02,1.8
CIU2033000000000A,2016,Q01,1.8
CIU2033000000000A,2015,Q04,2.3
CIU2033000000000A,2015,Q03,1.9
CIU2033000000000A,2015,Q02,2.7
CIU2033000000000A,2015,Q01,2.4
CIU2033000000000A,2014,Q04,2.7
CIU2033000000000A,2014,Q03,2.5
CIU2033000000000A,2014,Q02,1.9
CIU2033000000000A,2014,Q01,2.0
CIU2033000000000A,2013,Q04,1.4
CIU2033000000000A,2013,Q03,1.5
CIU2033000000000A,2013,Q02,1.8
CIU2033000000000A,2013,Q01,2.3
CIU2033000000000A,2012,Q04,1.0
CIU2033000000000A,2012,Q03,1.1
CIU2033000000000A,2012,Q02,0.0
CIU2033000000000A,2012,Q01,1.9
CIU2033000000000A,2011,Q04,4.7
CIU2033000000000A,2011,Q03,4.3
CIU2033000000000A,2011,Q02,6.1
CIU2033000000000A,2011,Q01,4.2
CIU2033000000000A,2010,Q04,5.0
CIU2033000000000A,2010,Q03,5.1
CIU2033000000000A,2010,Q02,3.7
CIU2033000000000A,2010,Q01,3.0
CIU2033000000000I,2024,Q04,153.1
CIU2033000000000I,2024,Q03,152.3
CIU2033000000000I,2024,Q02,151.9
CIU2033000000000I,2024,Q01,150.1
CIU2033000000000I,2023,Q04,148.3
CIU2033000000000I,2023,Q03,147.4
CIU2033000000000I,2023,Q02,146.6
CIU2033000000000I,2023,Q01,145.1
CIU2033000000000I,2022,Q04,143.5
CIU2033000000000I,2022,Q03,142.8
CIU2033000000000I,2022,Q02,142.8
CIU2033000000000I,2022,Q01,141.7
CIU2033000000000I,2021,Q04,138.2
CIU2033000000000I,2021,Q03,137.7
CIU2033000000000I,2021,Q02,135.5
CIU2033000000000I,2021,Q01,135.0
CIU2033000000000I,2020,Q04,134.3
CIU2033000000000I,2020,Q03,133.5
CIU2033000000000I,2020,Q02,133.4
CIU2033000000000I,2020,Q01,132.2
CIU2033000000000I,2019,Q04,131.9
CIU2033000000000I,2019,Q03,131.7
CIU2033000000000I,2019,Q02,131.1
CIU2033000000000I,2019,Q01,130.5
CIU2033000000000I,2018,Q04,129.1
CIU2033000000000I,2018,Q03,128.9
CIU2033000000000I,2018,Q02,129.8
CIU2033000000000I,2018,Q01,129.1
CIU2033000000000I,2017,Q04,128.0
CIU2033000000000I,2017,Q03,127.7
CIU2033000000000I,2017,Q02,125.6
CIU2033000000000I,2017,Q01,125.0
CIU2033000000000I,2016,Q04,124.3
CIU2033000000000I,2016,Q03,124.1
CIU2033000000000I,2016,Q02,123.7
CIU2033000000000I,2016,Q01,123.1
CIU2033000000000I,2015,Q04,122.5
CIU2033000000000I,2015,Q03,121.6
CIU2033000000000I,2015,Q02,121.5
CIU2033000000000I,2015,Q01,120.9
CIU2033000000000I,2014,Q04,119.8
CIU2033000000000I,2014,Q03,119.3
CIU2033000000000I,2014,Q02,118.3
CIU2033000000000I,2014,Q01,118.1
CIU2033000000000I,2013,Q04,116.6
CIU2033000000000I,2013,Q03,116.4
CIU2033000000000I,2013,Q02,116.1
CIU2033000000000I,2013,Q01,115.8
CIU2033000000000I,2012,Q04,115.0
CIU2033000000000I,2012,Q03,114.7
CIU2033000000000I,2012,Q02,114.0
CIU2033000000000I,2012,Q01,113.2
CIU2033000000000I,2011,Q04,113.9
CIU2033000000000I,2011,Q03,113.4
CIU2033000000000I,2011,Q02,114.0
CIU2033000000000I,2011,Q01,111.1
CIU2033000000000I,2010,Q04,108.8
CIU2033000000000I,2010,Q03,108.7
CIU2033000000000I,2010,Q02,107.4
CIU2033000000000I,2010,Q01,106.6
CIU2033000000000Q,2024,Q04,0.5
CIU2033000000000Q,2024,Q03,0.3
CIU2033000000000Q,2024,Q02,1.2
CIU2033000000000Q,2024,Q01,1.2
CIU2033000000000Q,2023,Q04,0.6
CIU2033000000000Q,2023,Q03,0.5
CIU2033000000000Q,2023,Q02,1.0
CIU2033000000000Q,2023,Q01,1.1
CIU2033000000000Q,2022,Q04,0.5
CIU2033000000000Q,2022,Q03,0.0
CIU2033000000000Q,2022,Q02,0.8
CIU2033000000000Q,2022,Q01,2.5
CIU2033000000000Q,2021,Q04,0.4
CIU2033000000000Q,2021,Q03,1.6
CIU2033000000000Q,2021,Q02,0.4
CIU2033000000000Q,2021,Q01,0.5
CIU2033000000000Q,2020,Q04,0.6
CIU2033000000000Q,2020,Q03,0.1
CIU2033000000000Q,2020,Q02,0.9
CIU2033000000000Q,2020,Q01,0.2
CIU2033000000000Q,2019,Q04,0.2
CIU2033000000000Q,2019,Q03,0.5
CIU2033000000000Q,2019,Q02,0.5
CIU2033000000000Q,2019,Q01,1.1
CIU2033000000000Q,2018,Q04,0.2
CIU2033000000000Q,2018,Q03,-0.7
CIU2033000000000Q,2018,Q02,0.5
CIU2033000000000Q,2018,Q01,0.9
CIU2033000000000Q,2017,Q04,0.2
CIU2033000000000Q,2017,Q03,1.7
CIU2033000000000Q,2017,Q02,0.5
CIU2033000000000Q,2017,Q01,0.6
CIU2033000000000Q,2016,Q04,0.2
CIU2033000000000Q,2016,Q03,0.3
CIU2033000000000Q,2016,Q02,0.5
CIU2033000000000Q,2016,Q01,0.5
CIU2033000000000Q,2015,Q04,0.7
CIU2033000000000Q,2015,Q03,0.1
CIU2033000000000Q,2015,Q02,0.5
CIU2033000000000Q,2015,Q01,0.9
CIU2033000000000Q,2014,Q04,0.4
CIU2033000000000Q,2014,Q03,0.8
CIU2033000000000Q,2014,Q02,0.2
CIU2033000000000Q,2014,Q01,1.3
CIU2033000000000Q,2013,Q04,0.2
CIU2033000000000Q,2013,Q03,0.3
CIU2033000000000Q,2013,Q02,0.3
CIU2033000000000Q,2013,Q01,0.7
CIU2033000000000Q,2012,Q04,0.3
CIU2033000000000Q,2012,Q03,0.6
CIU2033000000000Q,2012,Q02,0.7
CIU2033000000000Q,2012,Q01,-0.6
CIU2033000000000Q,2011,Q04,0.4
CIU2033000000000Q,2011,Q03,-0.5
CIU2033000000000Q,2011,Q02,2.6
CIU2033000000000Q,2011,Q01,2.1
CIU2033000000000Q,2010,Q04,0.1
CIU2033000000000Q,2010,Q03,1.2
CIU2033000000000Q,2010,Q02,0.8
CIU2033000000000Q,2010,Q01,2.9
